○	○
、	、
〇	〇
㐄	㐄
㐅	㐅
㐆	㐆
㐌	㐌
㐖	㐖
㐜	㐜
㐡	㐡
㐤	㐤
㐰	㐰
㐺	㐺
㑇	㑇
㑳	㑳
㒳	㒳
㒸	㒸
㔾	㔾
㗂	㗂
㗎	㗎
㝵	㝵
㞎	㞎
㞙	㞙
㞞	㞞
㠯	以
㢲	㢲
㢴	㢴
㤅	㤅
㥁	㥁
㥯	㥯
㨗	㨗
㫺	㫺
㬎	㬎
㮎	㮎
㮚	㮚
㮸	㮸
㲋	㲋
㲱	㲱
㲾	㲾
㳮	㳮
㵎	涧
㵪	㵪
㶸	㶸
㷖	㷖
㷭	㷭
㹢	㹢
㹴	㹴
㺢	㺢
㺵	㺵
㼝	碗
㽮	㽮
㿝	㿝
䍃	䍃
䔢	䔢
䖟	䖟
䖸	䖸
䗈	䗈
䗥	䗥
䗪	䗪
䝓	䝓
䠶	射
䥯	䥯
䦉	䦉
䯝	䯝
䰾	鲃
䲔	䲔
䳗	䳗
䳘	鹅
䵹	䵹
䶑	䶑
一	一
丁	丁
丂	丂
七	七
丄	丄
丅	丅
丆	丆
万	万
丈	丈
三	三
上	上
下	下
丌	丌
不	不
丏	丏
丐	丐
丑	丑
丒	丒
且	且
丕	丕
世	世
丗	丗
丘	丘
丙	丙
丞	丞
丟	丢
丠	丠
両	両
丣	丣
並	并
丨	丨
丩	丩
丫	丫
中	中
丮	丮
丰	丰
丱	丱
串	串
丳	丳
丵	丵
丶	丶
丷	丷
丸	丸
丹	丹
主	主
丼	丼
丿	丿
乀	乀
乂	乂
乃	乃
乄	乄
久	久
乆	乆
乇	乇
么	么
乊	乊
之	之
乍	乍
乎	乎
乏	乏
乑	乑
乒	乒
乓	乓
乕	乕
乖	乖
乗	乗
乘	乘
乙	乙
乚	乚
乛	乛
乜	乜
九	九
乞	乞
也	也
乢	乢
乣	乣
乤	乤
乥	乥
乧	乧
乨	乨
乩	乩
乪	乪
乫	乫
乭	乭
乳	乳
乴	乴
乵	乵
乶	乶
乷	乷
乸	乸
乹	乹
乺	乺
乼	乼
乾	乾
乾	干
乿	乿
亀	亀
亁	亁
亂	乱
亃	亃
亄	亄
亅	亅
了	了
亇	亇
予	予
事	事
二	二
亍	亍
于	于
亐	亐
云	云
互	互
亓	亓
五	五
井	井
亖	亖
亙	亘
些	些
亜	亜
亞	亚
亟	亟
亡	亡
亢	亢
交	交
亥	亥
亦	亦
亨	亨
亪	亪
享	享
京	京
亭	亭
亮	亮
亳	亳
亶	亶
亹	亹
人	人
亻	亻
亼	亼
亽	亽
亾	亡
什	什
仁	仁
仂	仂
仃	仃
仄	仄
仆	仆
仇	仇
仈	仈
仉	仉
今	今
介	介
仍	仍
仏	仏
仒	仒
仔	仔
仕	仕
他	他
仗	仗
付	付
仙	仙
仚	仚
仝	仝
仞	仞
仟	仟
仡	仡
代	代
令	令
以	以
仨	仨
仫	仫
仮	仮
仰	仰
仲	仲
仳	仳
仵	仵
件	件
任	任
份	份
仿	仿
伀	伀
企	企
伄	伄
伈	伈
伉	伉
伊	伊
伋	伋
伍	伍
伎	伎
伏	伏
伐	伐
休	休
伕	伕
伙	伙
伜	伜
伝	伝
伢	伢
伯	伯
估	估
伱	伱
伲	伲
伴	伴
伶	伶
伸	伸
伹	伹
伺	伺
伻	伻
似	似
伽	伽
伾	伾
佀	似
佃	佃
但	但
佇	伫
佈	布
佉	佉
佌	佌
位	位
低	低
住	住
佐	佐
佑	佑
佔	占
何	何
佗	佗
佘	佘
余	余
佚	佚
佛	佛
作	作
佝	佝
佞	佞
佟	佟
你	你
佡	佡
佢	佢
佣	佣
佤	佤
佧	佧
佩	佩
佪	佪
佫	佫
佬	佬
佯	佯
佰	佰
佱	佱
佳	佳
佴	佴
併	并
佶	佶
佷	佷
佸	佸
佹	佹
佺	佺
佻	佻
佼	佼
佽	佽
佾	佾
使	使
侀	侀
侁	侁
侂	侂
侃	侃
侄	侄
侅	侅
來	来
侇	侇
侈	侈
侉	侉
例	例
侌	侌
侍	侍
侏	侏
侐	侐
侑	侑
侔	侔
侖	仑
侗	侗
侘	侘
侚	侚
供	供
侜	侜
依	依
価	価
侮	侮
侯	侯
侵	侵
侶	侣
侷	局
便	便
俁	俣
係	系
促	促
俄	俄
俅	俅
俉	俉
俊	俊
俎	俎
俏	俏
俐	俐
俑	俑
俓	俓
俔	俔
俗	俗
俘	俘
俚	俚
俛	俛
俜	俜
保	保
俞	俞
俟	俟
俠	侠
信	信
修	修
俯	俯
俱	俱
俲	效
俳	俳
俴	俴
俵	俵
俶	俶
俷	俷
俸	俸
俺	俺
俻	备
俾	俾
倀	伥
倂	倂
倅	倅
倆	俩
倉	仓
個	个
倌	倌
倍	倍
倏	倏
們	们
倒	倒
倓	倓
倔	倔
倖	幸
倘	倘
候	候
倚	倚
倜	倜
倝	倝
借	借
倡	倡
倢	倢
倣	倣
値	値
倥	倥
倦	倦
倨	倨
倩	倩
倪	倪
倫	伦
倬	倬
倭	倭
倮	倮
倶	倶
倷	倷
倹	倹
倻	倻
值	值
偁	偁
偃	偃
假	假
偈	偈
偉	伟
偌	偌
偎	偎
偏	偏
偓	偓
偕	偕
做	做
停	停
偝	偝
偟	偟
偢	偢
健	健
偨	偨
偩	偩
偪	逼
偫	偫
偭	偭
偯	偯
偰	偰
偱	偱
偲	偲
側	侧
偵	侦
偶	偶
偷	偷
偸	偸
偺	偺
偽	伪
傀	傀
傅	傅
傈	傈
傌	骂
傍	傍
傎	傎
傑	杰
傒	傒
傔	傔
傕	傕
傖	伧
傘	伞
備	备
傚	效
傜	傜
傞	傞
傢	傢
傣	傣
催	催
傭	佣
傮	傮
傯	偬
傲	傲
傳	传
傴	伛
債	债
傷	伤
傺	傺
傻	傻
傾	倾
傿	傿
僂	偻
僄	僄
僅	仅
僇	僇
僉	佥
僊	僊
働	働
僎	僎
像	像
僑	侨
僔	僔
僕	仆
僖	僖
僚	僚
僝	僝
僞	伪
僣	僣
僤	僤
僥	侥
僦	僦
僧	僧
僨	偾
僩	僩
僬	僬
僭	僭
僮	僮
僯	僯
僰	僰
僱	雇
僳	僳
僵	僵
價	价
僻	僻
僾	僾
僿	僿
儀	仪
儁	儁
儂	侬
儃	儃
億	亿
儅	儅
儆	儆
儇	儇
儈	侩
儉	俭
儊	儊
儋	儋
儌	儌
儍	儍
儐	傧
儒	儒
儓	儓
儔	俦
儕	侪
儗	拟
儘	尽
儜	儜
儞	儞
償	偿
儡	儡
儤	儤
儦	儦
儩	儩
優	优
儭	儭
儱	儱
儲	储
儳	儳
儵	儵
儷	俪
儸	㑩
儹	儹
儺	傩
儻	傥
儼	俨
儽	儽
兀	兀
允	允
元	元
兄	兄
充	充
兆	兆
兇	凶
先	先
光	光
克	克
兌	兑
免	免
兎	兎
児	児
兒	儿
兔	兔
兕	兕
兗	兖
兙	兙
兛	兛
兜	兜
兝	兝
兞	兞
兟	兟
兡	兡
兢	兢
兣	兣
入	入
內	内
全	全
兩	两
兪	兪
八	八
公	公
六	六
兮	兮
共	共
兲	兲
兵	兵
其	其
具	具
典	典
兼	兼
冀	冀
冂	冂
冃	冃
円	円
冇	冇
冉	冉
冊	册
再	再
冏	冏
冑	冑
冒	冒
冓	冓
冔	冔
冕	冕
冖	冖
冗	冗
冘	冘
冞	冞
冠	冠
冢	冢
冤	冤
冥	冥
冪	幂
冫	冫
冬	冬
冰	冰
冱	冱
冶	冶
冷	冷
冼	冼
冽	冽
凃	凃
凄	凄
凅	凅
准	准
凇	凇
凈	净
凊	凊
凋	凋
凌	凌
凍	冻
凔	凔
凜	凛
凝	凝
凞	凞
几	几
凡	凡
凢	凢
処	処
凰	凰
凱	凯
凳	凳
凵	凵
凶	凶
凸	凸
凹	凹
出	出
凼	凼
函	函
刀	刀
刁	刁
刂	刂
刃	刃
分	分
切	切
刈	刈
刊	刊
刎	刎
刑	刑
划	划
刓	刓
刖	刖
列	列
刜	刜
初	初
刡	刡
判	判
別	别
刦	劫
刧	劫
刨	刨
利	利
刪	删
刮	刮
到	到
刱	刱
刲	刲
刳	刳
刴	刴
刵	刵
制	制
刷	刷
券	券
刺	刺
刻	刻
刼	劫
剁	剁
剃	剃
剄	刭
則	则
剉	锉
削	削
剋	克
剌	剌
前	前
剎	刹
剒	剒
剔	剔
剕	剕
剖	剖
剚	剚
剛	刚
剜	剜
剝	剥
剞	剞
剟	剟
剡	剡
剣	剣
剤	剤
剩	剩
剪	剪
剮	剐
副	副
剰	剰
割	割
剴	剀
創	创
剷	铲
剸	剸
剺	剺
剽	剽
剿	剿
劁	劁
劂	劂
劃	划
劄	札
劇	剧
劈	劈
劉	刘
劊	刽
劌	刿
劍	剑
劑	剂
劒	劒
劓	劓
劖	劖
劘	劘
劙	劙
力	力
功	功
加	加
劣	劣
劦	劦
助	助
努	努
劫	劫
劬	劬
劭	劭
労	労
劵	劵
効	效
劻	劻
劼	劼
劾	劾
勁	劲
勃	勃
勅	勅
勇	勇
勉	勉
勍	勍
勐	勐
勒	勒
動	动
勖	勖
勗	勗
勘	勘
務	务
勛	勋
勝	胜
勞	劳
募	募
勢	势
勣	绩
勤	勤
勦	剿
勧	勧
勩	勩
勯	勯
勰	勰
勱	劢
勲	勋
勳	勋
勵	励
勷	勷
勸	劝
勹	勹
勺	勺
勻	匀
勾	勾
勿	勿
匁	匁
包	包
匆	匆
匈	匈
匉	匉
匊	匊
匋	匋
匍	匍
匏	匏
匐	匐
匕	匕
化	化
北	北
匙	匙
匚	匚
匜	匜
匝	匝
匟	匟
匠	匠
匡	匡
匣	匣
匪	匪
匭	匦
匯	汇
匱	匮
匸	匸
匹	匹
匽	匽
匾	匾
匿	匿
區	区
十	十
卂	卂
千	千
卄	卄
卅	卅
卆	卆
升	升
午	午
卉	卉
半	半
卋	卋
卌	卌
卍	卍
卐	卐
卑	卑
卒	卒
卓	卓
協	协
南	南
単	単
博	博
卛	卛
卜	卜
卝	卝
卞	卞
卟	卟
占	占
卡	卡
卣	卣
卦	卦
卨	卨
卪	卪
卬	卬
卮	卮
卯	卯
印	印
危	危
卲	卲
即	即
卵	卵
卷	卷
卸	卸
卹	恤
卻	却
卼	卼
卽	卽
卿	卿
厂	厂
厄	厄
厎	厎
厓	厓
厔	厔
厖	厖
厗	厗
厘	厘
厙	厍
厚	厚
厜	厜
厝	厝
原	原
厠	厕
厤	厤
厥	厥
厪	厪
厭	厌
厮	厮
厰	厰
厲	厉
厳	厳
厴	厣
厹	厹
厺	厺
去	去
厼	厼
厾	厾
叁	叁
參	参
叄	叄
又	又
叉	叉
及	及
友	友
反	反
収	収
叔	叔
取	取
受	受
叚	叚
叛	叛
叟	叟
叡	叡
叢	丛
口	口
古	古
句	句
另	另
叨	叨
叩	叩
只	只
叫	叫
召	召
叭	叭
叮	叮
可	可
台	台
叱	叱
史	史
右	右
叵	叵
叶	叶
司	司
叻	叻
叼	叼
吁	吁
吃	吃
各	各
吅	吅
吆	吆
合	合
吉	吉
吊	吊
吋	吋
同	同
名	名
后	后
吏	吏
吐	吐
向	向
吒	吒
吔	吔
吖	吖
君	君
吜	吜
吝	吝
吞	吞
吟	吟
吠	吠
吡	吡
否	否
吧	吧
吩	吩
吪	吪
含	含
吭	吭
吮	吮
吰	吰
吱	吱
吲	吲
吳	吴
吵	吵
吶	呐
吸	吸
吹	吹
吻	吻
吼	吼
吽	吽
吾	吾
呀	呀
呂	吕
呃	呃
呆	呆
呇	呇
呈	呈
呉	呉
告	告
呋	呋
呎	呎
呏	呏
呔	呔
呠	呠
呡	呡
呢	呢
呣	呣
呤	呤
呦	呦
呧	呧
周	周
呪	呪
呫	呫
呬	呬
呯	呯
呰	呰
呱	呱
呲	呲
味	味
呴	呴
呵	呵
呶	呶
呷	呷
呸	呸
呺	呺
呻	呻
呼	呼
命	命
呿	呿
咀	咀
咁	咁
咂	咂
咄	咄
咆	咆
咇	咇
咈	咈
咋	咋
和	和
咍	咍
咎	咎
咐	咐
咑	咑
咒	咒
咔	咔
咕	咕
咖	咖
咗	咗
咚	咚
咠	咠
咡	咡
咢	咢
咣	咣
咤	咤
咥	咥
咦	咦
咧	咧
咨	咨
咩	咩
咪	咪
咫	咫
咬	咬
咭	咭
咮	咮
咯	咯
咱	咱
咲	咲
咳	咳
咴	咴
咷	啕
咸	咸
咹	咹
咺	咺
咻	咻
咼	呙
咽	咽
咾	咾
咿	咿
哀	哀
品	品
哂	哂
哄	哄
哆	哆
哇	哇
哈	哈
哉	哉
哋	哋
哌	哌
哎	哎
哏	哏
哐	哐
哚	哚
哞	哞
員	员
哢	哢
哤	哤
哥	哥
哦	哦
哧	哧
哨	哨
哩	哩
哪	哪
哫	哫
哭	哭
哮	哮
哰	哰
哱	哱
哲	哲
哳	哳
哶	咩
哺	哺
哼	哼
哽	哽
哿	哿
唁	唁
唄	呗
唅	唅
唆	唆
唇	唇
唈	唈
唉	唉
唎	唎
唏	唏
唐	唐
唑	唑
唔	唔
唕	唕
唚	吣
唞	唞
唣	唣
唧	唧
唪	唪
唬	唬
售	售
唯	唯
唰	唰
唱	唱
唲	唲
唳	唳
唵	唵
唶	唶
唷	唷
唸	唸
唹	唹
唻	唻
唼	唼
唾	唾
唿	唿
啁	啁
啃	啃
啄	啄
啅	啅
商	商
啉	啉
啊	啊
啍	啍
啎	啎
問	问
啐	啐
啓	啓
啕	啕
啖	啖
啗	啗
啜	啜
啞	哑
啟	启
啡	啡
啢	啢
啣	衔
啤	啤
啥	啥
啦	啦
啪	啪
啫	啫
啱	啱
啲	啲
啵	啵
啶	啶
啷	啷
啺	啺
啻	啻
啼	啼
啽	啽
啾	啾
喀	喀
喁	喁
喂	喂
喃	喃
善	善
喆	喆
喇	喇
喈	喈
喉	喉
喊	喊
喋	喋
喌	喌
喎	喎
喏	喏
喑	喑
喒	喒
喓	喓
喔	喔
喘	喘
喙	喙
喚	唤
喜	喜
喝	喝
喟	喟
喣	喣
喤	喤
喥	喥
喦	喦
喧	喧
喨	喨
喩	喩
喪	丧
喫	吃
喬	乔
喭	喭
單	单
喱	喱
喲	哟
喳	喳
喵	喵
営	営
喹	喹
喺	喺
喻	喻
喼	喼
喿	喿
嗀	嗀
嗃	嗃
嗄	嗄
嗅	嗅
嗆	呛
嗇	啬
嗈	嗈
嗉	嗉
嗊	嗊
嗍	嗍
嗎	吗
嗐	嗐
嗑	嗑
嗒	嗒
嗓	嗓
嗔	嗔
嗕	嗕
嗖	嗖
嗙	嗙
嗚	呜
嗛	嗛
嗜	嗜
嗝	嗝
嗟	嗟
嗡	嗡
嗣	嗣
嗤	嗤
嗥	嗥
嗦	嗦
嗨	嗨
嗩	唢
嗪	嗪
嗬	嗬
嗯	嗯
嗰	嗰
嗲	嗲
嗵	嗵
嗶	哔
嗷	嗷
嗹	嗹
嗽	嗽
嗾	嗾
嗿	嗿
嘀	嘀
嘁	嘁
嘂	嘂
嘅	嘅
嘆	叹
嘈	嘈
嘉	嘉
嘊	啀
嘌	嘌
嘍	喽
嘎	嘎
嘏	嘏
嘐	嘐
嘒	嘒
嘓	啯
嘔	呕
嘖	啧
嘗	尝
嘚	嘚
嘛	嘛
嘜	唛
嘞	嘞
嘟	嘟
嘢	嘢
嘣	嘣
嘥	嘥
嘦	嘦
嘧	嘧
嘩	哗
嘬	嘬
嘭	嘭
嘮	唠
嘯	啸
嘰	叽
嘲	嘲
嘴	嘴
嘵	哓
嘶	嘶
嘷	嗥
嘸	呒
嘹	嘹
嘻	嘻
嘽	啴
嘿	嘿
噀	噀
噁	恶
噂	噂
噅	噅
噇	噇
噉	噉
噌	噌
噍	噍
噎	噎
噏	噏
噓	嘘
噔	噔
噗	噗
噘	噘
噙	噙
噚	噚
噝	咝
噞	噞
噠	哒
噢	噢
噤	噤
噥	哝
噦	哕
器	器
噩	噩
噪	噪
噫	噫
噬	噬
噭	噭
噯	嗳
噱	噱
噲	哙
噳	噳
噴	喷
噶	噶
噷	噷
噸	吨
噹	当
噻	噻
噼	噼
嚀	咛
嚃	嚃
嚄	嚄
嚅	嚅
嚆	嚆
嚇	吓
嚌	哜
嚎	嚎
嚏	嚏
嚐	尝
嚓	嚓
嚔	嚔
嚕	噜
嚙	啮
嚚	嚚
嚜	嚜
嚞	嚞
嚟	嚟
嚥	咽
嚦	呖
嚨	咙
嚬	嚬
嚭	嚭
嚮	嚮
嚯	嚯
嚲	亸
嚳	喾
嚴	严
嚵	嚵
嚶	嘤
嚷	嚷
嚼	嚼
囀	啭
囁	嗫
囂	嚣
囅	冁
囈	呓
囉	啰
囊	囊
囌	苏
囍	囍
囑	嘱
囒	囒
囓	囓
囔	囔
囗	囗
囘	囘
囚	囚
四	四
囝	囝
回	回
囟	囟
因	因
囡	囡
団	団
囤	囤
囥	囥
囧	囧
囨	囨
囪	囱
囫	囫
囬	囬
囮	囮
囯	囯
困	困
囲	囲
図	図
囶	囶
囷	囷
囸	囸
囹	囹
固	固
囻	囻
囿	囿
圀	圀
圂	圂
圃	圃
圄	圄
圇	囵
圈	圈
圉	圉
圊	圊
國	国
圌	圌
圍	围
圏	圏
園	园
圓	圆
圕	圕
圖	图
團	团
圛	圛
圜	圜
圞	圞
土	土
圧	圧
在	在
圩	圩
圪	圪
圬	圬
圭	圭
圮	圮
圯	圯
地	地
圳	圳
圴	圴
圻	圻
圾	圾
址	址
坂	坂
坆	坆
均	均
坊	坊
坋	坋
坌	坌
坍	坍
坎	坎
坐	坐
坑	坑
坒	坒
坓	坓
坡	坡
坤	坤
坦	坦
坨	坨
坩	坩
坪	坪
坫	坫
坭	坭
坯	坯
坰	坰
坱	坱
坳	坳
坴	坴
坵	坵
坷	坷
坻	坻
坼	坼
垂	垂
垃	垃
垈	垈
型	型
垌	垌
垍	垍
垓	垓
垔	垔
垕	垕
垗	垗
垚	垚
垛	垛
垝	垝
垞	垞
垟	垟
垠	垠
垢	垢
垣	垣
垤	垤
垧	垧
垮	垮
垯	垯
垵	垵
垺	垺
垾	垾
垿	垿
埀	埀
埂	埂
埃	埃
埄	埄
埆	埆
埇	埇
埈	埈
埋	埋
埌	埌
城	城
埏	埏
埒	埒
埔	埔
埕	埕
埗	埗
埜	埜
域	域
埠	埠
埡	垭
埤	埤
埦	埦
埧	埧
埭	埭
埯	埯
埰	埰
埲	埲
埳	埳
埴	埴
埵	埵
埶	埶
執	执
埸	埸
培	培
基	基
埼	埼
埽	埽
堀	堀
堂	堂
堃	堃
堄	堄
堅	坚
堆	堆
堇	堇
堈	堈
堉	堉
堊	垩
堋	堋
堌	堌
堍	堍
堎	堎
堖	垴
堙	堙
堝	埚
堞	堞
堠	堠
堡	堡
堤	堤
堧	堧
堨	堨
堪	堪
堭	堭
堮	堮
堯	尧
堰	堰
報	报
堲	堲
堳	堳
場	场
堵	堵
堽	堽
堿	堿
塁	塁
塄	塄
塈	塈
塊	块
塋	茔
塌	塌
塍	塍
塏	垲
塑	塑
塒	埘
塓	塓
塔	塔
塕	塕
塗	涂
塘	塘
塙	塙
塚	冢
塝	塝
塞	塞
塡	塡
塢	坞
塤	埙
塥	塥
塩	塩
填	填
塬	塬
塱	塱
塲	场
塵	尘
塹	堑
塼	塼
塽	塽
塾	塾
塿	塿
墀	墀
墁	墁
境	境
墅	墅
墈	墈
墉	墉
墊	垫
墐	墐
墒	墒
墓	墓
増	増
墜	坠
墝	墝
增	增
墟	墟
墠	墠
墦	墦
墨	墨
墩	墩
墫	墫
墬	墬
墮	堕
墰	墰
墳	坟
墺	墺
墻	墙
墾	垦
壁	壁
壅	壅
壆	壆
壇	坛
壈	壈
壊	壊
壌	壌
壎	壎
壑	壑
壒	壒
壓	压
壔	壔
壕	壕
壖	壖
壘	垒
壙	圹
壚	垆
壜	壜
壝	壝
壞	坏
壟	垄
壠	垅
壡	壡
壢	坜
壤	壤
壩	坝
士	士
壬	壬
壭	壭
壯	壮
壱	壱
売	売
壴	壴
壹	壹
壺	壶
壻	壻
壼	壸
壽	寿
壿	壿
夂	夂
夅	夅
夆	夆
変	変
夊	夊
夌	夌
夏	夏
夓	夓
夔	夔
夕	夕
外	外
夗	夗
夘	夘
夙	夙
多	多
夜	夜
夠	够
夢	梦
夤	夤
夥	夥
大	大
天	天
太	太
夫	夫
夬	夬
夭	夭
央	央
夯	夯
失	失
夶	夶
夷	夷
夸	夸
夼	夼
夾	夹
奄	奄
奇	奇
奈	奈
奉	奉
奌	奌
奎	奎
奏	奏
奐	奂
契	契
奓	奓
奔	奔
奕	奕
套	套
奘	奘
奚	奚
奜	奜
奠	奠
奡	奡
奢	奢
奣	奣
奧	奥
奨	奨
奩	奁
奪	夺
奫	奫
奬	奬
奭	奭
奮	奋
奰	奰
女	女
奴	奴
奶	奶
奸	奸
她	她
奼	姹
好	好
妁	妁
如	如
妃	妃
妄	妄
妊	妊
妍	妍
妒	妒
妓	妓
妖	妖
妗	妗
妙	妙
妚	妚
妝	妆
妞	妞
妣	妣
妤	妤
妥	妥
妨	妨
妬	妬
妮	妮
妯	妯
妲	妲
妳	妳
妵	妵
妹	妹
妺	妺
妻	妻
妾	妾
姁	姁
姅	姅
姆	姆
姉	姉
姊	姊
始	始
姍	姗
姐	姐
姑	姑
姒	姒
姓	姓
委	委
姘	姘
姙	姙
姚	姚
姜	姜
姝	姝
姞	姞
姣	姣
姤	姤
姥	姥
姦	奸
姧	姧
姨	姨
姪	侄
姫	姫
姬	姬
姮	姮
姱	姱
姸	姸
姺	姺
姻	姻
姽	姽
姿	姿
娀	娀
威	威
娃	娃
娉	娉
娌	娌
娑	娑
娓	娓
娘	娘
娛	娱
娜	娜
娟	娟
娠	娠
娣	娣
娥	娥
娩	娩
娭	娭
娯	娯
娵	娵
娶	娶
娸	娸
娼	娼
婀	婀
婁	娄
婆	婆
婉	婉
婊	婊
婐	婐
婕	婕
婚	婚
婞	婞
婢	婢
婤	婤
婥	婥
婦	妇
婧	婧
婪	婪
婬	婬
婭	娅
婷	婷
婹	婹
婺	婺
婼	婼
婽	婽
婿	婿
媁	媁
媄	媄
媊	媊
媒	媒
媕	媕
媚	媚
媛	媛
媞	媞
媟	媟
媠	媠
媢	媢
媧	娲
媬	媬
媮	媮
媯	妫
媲	媲
媳	媳
媵	媵
媸	媸
媺	媺
媻	媻
媼	媪
媽	妈
媾	媾
媿	媿
嫁	嫁
嫂	嫂
嫄	嫄
嫈	嫈
嫉	嫉
嫋	袅
嫌	嫌
嫏	嫏
嫕	嫕
嫖	嫖
嫗	妪
嫘	嫘
嫚	嫚
嫜	嫜
嫠	嫠
嫡	嫡
嫣	嫣
嫦	嫦
嫩	嫩
嫪	嫪
嫫	嫫
嫬	嫬
嫰	嫰
嫵	妩
嫺	嫺
嫻	娴
嫽	嫽
嫿	嫿
嬀	妫
嬃	嬃
嬅	嬅
嬈	娆
嬉	嬉
嬋	婵
嬌	娇
嬔	嬔
嬖	嬖
嬗	嬗
嬙	嫱
嬛	嬛
嬝	袅
嬡	嫒
嬢	嬢
嬤	嬷
嬦	嬦
嬪	嫔
嬬	嬬
嬭	嬭
嬰	婴
嬲	嬲
嬴	嬴
嬸	婶
嬹	嬹
嬾	嬾
嬿	嬿
孀	孀
孃	娘
孅	孅
孌	娈
孏	孏
子	子
孑	孑
孓	孓
孔	孔
孕	孕
孖	孖
字	字
存	存
孚	孚
孛	孛
孜	孜
孝	孝
孟	孟
孢	孢
季	季
孤	孤
孥	孥
孩	孩
孫	孙
孬	孬
孭	孭
孰	孰
孱	孱
孳	孳
孵	孵
學	学
孺	孺
孻	孻
孽	孽
孿	孪
宀	宀
宁	宁
宂	冗
它	它
宄	宄
宅	宅
宇	宇
守	守
安	安
宊	宊
宋	宋
完	完
宍	宍
宏	宏
宓	宓
宕	宕
宗	宗
官	官
宙	宙
定	定
宛	宛
宜	宜
実	実
客	客
宣	宣
室	室
宥	宥
宦	宦
宧	宧
宨	宨
宬	宬
宮	宫
宰	宰
害	害
宴	宴
宵	宵
家	家
宸	宸
容	容
宿	宿
寀	寀
寁	寁
寂	寂
寃	寃
寄	寄
寅	寅
密	密
寇	寇
富	富
寎	寎
寐	寐
寒	寒
寓	寓
寔	寔
寖	寖
寘	寘
寙	寙
寛	寛
寞	寞
察	察
寠	寠
寡	寡
寢	寝
寤	寤
寥	寥
實	实
寧	宁
寨	寨
審	审
寪	寪
寫	写
寬	宽
寮	寮
寰	寰
寳	宝
寵	宠
寶	宝
寸	寸
寺	寺
対	対
封	封
専	専
尃	尃
射	射
尅	尅
將	将
專	专
尉	尉
尊	尊
尋	寻
尌	尌
對	对
導	导
小	小
少	少
尒	尔
尓	尓
尕	尕
尖	尖
尗	尗
尙	尙
尚	尚
尜	尜
尟	尟
尢	尢
尤	尤
尥	尥
尨	尨
尪	尪
尬	尬
尭	尭
尰	尰
就	就
尲	尲
尶	尶
尷	尴
尸	尸
尹	尹
尺	尺
尻	尻
尼	尼
尾	尾
尿	尿
局	局
屁	屁
屄	屄
居	居
屆	届
屇	屇
屈	屈
屋	屋
屌	屌
屍	尸
屎	屎
屏	屏
屐	屐
屑	屑
屓	屃
展	展
屖	屖
屘	屘
屙	屙
屛	屛
屜	屉
屝	屝
屠	屠
屢	屡
屣	屣
層	层
履	履
屧	屧
屨	屦
屩	屩
屪	屪
屬	属
屭	屃
屮	屮
屯	屯
山	山
屴	屴
屹	屹
屺	屺
屼	屼
岀	岀
岊	岊
岌	岌
岍	岍
岐	岐
岑	岑
岒	岒
岔	岔
岝	岝
岡	冈
岢	岢
岣	岣
岧	岧
岨	岨
岩	岩
岫	岫
岬	岬
岱	岱
岳	岳
岵	岵
岷	岷
岸	岸
峁	峁
峇	峇
峋	峋
峒	峒
峓	峓
峙	峙
峞	峞
峠	峠
峨	峨
峩	峨
峪	峪
峭	峭
峯	峰
峰	峰
峱	峱
峴	岘
島	岛
峹	峹
峻	峻
峽	峡
峿	峿
崀	崀
崁	崁
崆	崆
崇	崇
崋	崋
崌	崌
崍	崃
崎	崎
崐	昆
崑	昆
崒	崒
崔	崔
崖	崖
崗	岗
崙	仑
崚	崚
崛	崛
崞	崞
崟	崟
崠	崠
崢	峥
崤	崤
崦	崦
崧	崧
崩	崩
崬	岽
崮	崮
崱	崱
崳	崳
崴	崴
崶	崶
崽	崽
崿	崿
嵂	嵂
嵇	嵇
嵊	嵊
嵋	嵋
嵌	嵌
嵎	嵎
嵐	岚
嵒	嵒
嵓	嵓
嵗	岁
嵙	嵙
嵛	嵛
嵞	嵞
嵡	嵡
嵩	嵩
嵫	嵫
嵬	嵬
嵯	嵯
嵴	嵴
嵼	嵼
嵾	嵾
嶁	嵝
嶂	嶂
嶃	崭
嶄	崭
嶇	岖
嶋	嶋
嶌	嶌
嶒	嶒
嶓	嶓
嶔	嵚
嶗	崂
嶙	嶙
嶝	嶝
嶞	嶞
嶠	峤
嶡	嶡
嶢	嶢
嶧	峄
嶨	嶨
嶭	嶭
嶮	嶮
嶰	嶰
嶲	嶲
嶴	岙
嶷	嶷
嶸	嵘
嶺	岭
嶼	屿
嶽	岳
巂	巂
巃	巃
巆	巆
巇	巇
巉	巉
巋	岿
巌	巌
巍	巍
巒	峦
巓	巓
巔	巅
巖	岩
巘	巘
巛	巛
川	川
州	州
巟	巟
巠	巠
巡	巡
巢	巢
巣	巣
巤	巤
工	工
左	左
巧	巧
巨	巨
巫	巫
差	差
巰	巰
己	己
已	已
巳	巳
巴	巴
巷	巷
巹	卺
巻	巻
巽	巽
巾	巾
巿	巿
市	市
布	布
帆	帆
希	希
帑	帑
帔	帔
帕	帕
帖	帖
帗	帗
帘	帘
帙	帙
帚	帚
帛	帛
帝	帝
帟	帟
帡	帡
帣	帣
帥	帅
帨	帨
師	师
帬	裙
席	席
帯	帯
帰	帰
帳	帐
帶	带
帷	帷
常	常
帹	帹
帽	帽
幀	帧
幃	帏
幄	幄
幅	幅
幇	帮
幋	幋
幌	幌
幏	幏
幔	幔
幕	幕
幗	帼
幘	帻
幙	幙
幚	帮
幛	幛
幞	幞
幟	帜
幠	幠
幡	幡
幢	幢
幣	币
幦	幦
幨	幨
幩	幩
幪	幪
幫	帮
幬	帱
幭	幭
幯	幯
幰	幰
干	干
平	平
年	年
幵	幵
幷	幷
幸	幸
幹	干
幻	幻
幼	幼
幽	幽
幾	几
庀	庀
庁	庁
広	広
庄	庄
庇	庇
庈	庈
庉	庉
床	床
庋	庋
序	序
底	底
庖	庖
店	店
庚	庚
府	府
庠	庠
庤	庤
庥	庥
度	度
座	座
庫	库
庬	庬
庭	庭
庱	庱
庳	庳
庴	庴
庵	庵
庶	庶
康	康
庸	庸
庹	庹
庾	庾
庿	庿
廁	厕
廂	厢
廃	廃
廄	厩
廆	廆
廈	厦
廉	廉
廊	廊
廋	廋
廌	廌
廎	廎
廏	廏
廐	廐
廑	廑
廒	廒
廓	廓
廕	荫
廖	廖
廚	厨
廛	廛
廝	厮
廞	廞
廟	庙
廠	厂
廡	庑
廢	废
廣	广
廥	廥
廧	廧
廨	廨
廩	廪
廬	庐
廱	廱
廳	厅
延	延
廷	廷
廸	廸
廹	迫
建	建
廻	廻
廼	廼
廾	廾
廿	廿
弁	弁
弄	弄
弇	弇
弈	弈
弊	弊
弋	弋
弌	弌
弍	弍
弎	弎
式	式
弐	弐
弒	弑
弓	弓
弔	吊
引	引
弗	弗
弘	弘
弛	弛
弝	弝
弟	弟
弢	弢
弣	弣
弤	弤
弦	弦
弧	弧
弨	弨
弩	弩
弭	弭
弮	弮
弰	弰
弱	弱
弳	弪
張	张
弶	弶
強	强
弸	弸
弼	弼
弾	弾
彀	彀
彄	彄
彆	别
彈	弹
彊	强
彌	弥
彎	弯
彔	彔
彖	彖
彗	彗
彘	彘
彙	汇
彞	彝
彟	彟
彠	彟
形	形
彤	彤
彥	彦
彧	彧
彩	彩
彪	彪
彫	雕
彬	彬
彭	彭
彰	彰
影	影
彲	彲
彳	彳
彴	彴
彷	仿
彷	彷
彸	彸
役	役
彼	彼
彽	彽
彿	佛
往	往
征	征
徂	徂
待	待
徇	徇
很	很
徉	徉
徊	徊
律	律
後	后
徐	徐
徑	径
徒	徒
従	従
得	得
徘	徘
徙	徙
徜	徜
從	从
徠	徕
御	御
徨	徨
復	复
循	循
徬	徬
徭	徭
微	微
徯	徯
徳	徳
徴	徴
徵	征
徵	徵
德	德
徹	彻
徻	徻
徼	徼
徽	徽
忀	忀
心	心
必	必
忉	忉
忌	忌
忍	忍
忐	忐
忑	忑
忒	忒
忖	忖
志	志
忘	忘
忙	忙
応	応
忝	忝
忞	忞
忠	忠
忡	忡
忤	忤
忪	忪
快	快
忭	忭
忮	忮
忱	忱
念	念
忸	忸
忻	忻
忽	忽
忿	忿
怍	怍
怎	怎
怏	怏
怒	怒
怔	怔
怕	怕
怖	怖
怗	怗
怙	怙
怚	怚
怛	怛
思	思
怞	怞
怠	怠
怡	怡
急	急
怦	怦
性	性
怨	怨
怩	怩
怪	怪
怫	怫
怭	怭
怯	怯
怱	怱
怲	怲
怳	恍
怵	怵
怸	怸
怹	怹
恁	恁
恂	恂
恃	恃
恆	恒
恇	恇
恉	恉
恌	恌
恍	恍
恏	恏
恐	恐
恒	恒
恓	恓
恔	恔
恕	恕
恘	恘
恙	恙
恚	恚
恛	恛
恝	恝
恞	恞
恟	恟
恠	恠
恢	恢
恣	恣
恤	恤
恥	耻
恧	恧
恨	恨
恩	恩
恪	恪
恫	恫
恬	恬
恭	恭
息	息
恰	恰
恵	恵
恿	恿
悀	悀
悁	悁
悃	悃
悄	悄
悅	悦
悆	悆
悉	悉
悊	悊
悌	悌
悍	悍
悐	悐
悒	悒
悔	悔
悖	悖
悚	悚
悛	悛
悜	悜
悝	悝
悟	悟
悠	悠
患	患
悤	悤
悧	悧
您	您
悩	悩
悪	悪
悮	悮
悰	悰
悱	悱
悲	悲
悳	德
悴	悴
悵	怅
悶	闷
悸	悸
悻	悻
悼	悼
悽	凄
悾	悾
惄	惄
情	情
惆	惆
惇	惇
惋	惋
惌	惌
惎	惎
惏	惏
惑	惑
惓	惓
惔	惔
惕	惕
惘	惘
惙	惙
惚	惚
惛	惛
惜	惜
惝	惝
惟	惟
惠	惠
惡	恶
惥	恿
惦	惦
惪	德
惰	惰
惱	恼
惲	恽
想	想
惴	惴
惶	惶
惷	蠢
惸	惸
惹	惹
惺	惺
惻	恻
愀	愀
愁	愁
愃	愃
愆	愆
愈	愈
愉	愉
愊	愊
愍	愍
愎	愎
意	意
愐	愐
愑	愑
愒	愒
愓	愓
愔	愔
愕	愕
愙	恪
愚	愚
愛	爱
愜	惬
感	感
愣	愣
愧	愧
愨	悫
愫	愫
愬	愬
愮	愮
愯	愯
愴	怆
愷	恺
愼	愼
愾	忾
慁	慁
慂	恿
慄	栗
慅	慅
慆	慆
慇	慇
慈	慈
慉	慉
慊	慊
態	态
慌	慌
慍	愠
慎	慎
慕	慕
慘	惨
慚	惭
慝	慝
慟	恸
慢	慢
慣	惯
慥	慥
慧	慧
慨	慨
慪	怄
慫	怂
慬	慬
慮	虑
慰	慰
慱	慱
慳	悭
慴	慴
慵	慵
慶	庆
慷	慷
慼	戚
慾	欲
憀	憀
憂	忧
憃	憃
憊	惫
憋	憋
憍	憍
憎	憎
憐	怜
憑	凭
憒	愦
憔	憔
憖	憖
憙	憙
憚	惮
憝	憝
憤	愤
憧	憧
憨	憨
憩	憩
憪	憪
憫	悯
憬	憬
憭	憭
憮	怃
憯	憯
憲	宪
憶	忆
憷	憷
憸	憸
憹	憹
憺	憺
憾	憾
懂	懂
懃	懃
懅	懅
懆	懆
懇	恳
懈	懈
應	应
懊	懊
懋	懋
懌	怿
懍	懔
懐	懐
懞	懞
懞	蒙
懟	怼
懠	懠
懣	懑
懤	懤
懥	懥
懦	懦
懨	恹
懫	懫
懮	懮
懰	懰
懱	懱
懲	惩
懵	懵
懶	懒
懷	怀
懸	悬
懺	忏
懼	惧
懽	懽
懾	慑
懿	懿
戀	恋
戁	戁
戄	戄
戇	戆
戈	戈
戉	戉
戊	戊
戌	戌
戍	戍
戎	戎
成	成
我	我
戒	戒
戔	戋
戕	戕
或	或
戚	戚
戛	戛
戝	戝
戞	戛
戟	戟
戠	戠
戡	戡
戢	戢
戣	戣
戤	戤
戥	戥
戦	戦
戧	戗
戩	戬
截	截
戭	戭
戮	戮
戯	戯
戰	战
戱	戱
戲	戏
戳	戳
戴	戴
戶	户
戸	戸
戹	戹
戺	戺
戻	戻
戼	卯
戽	戽
戾	戾
房	房
所	所
扁	扁
扂	扂
扃	扃
扆	扆
扇	扇
扈	扈
扉	扉
扊	扊
手	手
才	才
扎	扎
扐	扐
扒	扒
打	打
扔	扔
払	払
扗	扗
托	托
扛	扛
扞	扞
扠	扠
扡	扡
扢	扢
扣	扣
扤	扤
扦	扦
扭	扭
扮	扮
扯	扯
扱	扱
扳	扳
扶	扶
批	批
扻	扻
扼	扼
扽	扽
找	找
承	承
技	技
抃	抃
抄	抄
抆	抆
抈	抈
抉	抉
把	把
抌	抌
抏	抏
抑	抑
抒	抒
抓	抓
抔	抔
投	投
抖	抖
抗	抗
折	折
抜	抜
抝	拗
択	択
抨	抨
披	披
抬	抬
抱	抱
抵	抵
抶	抶
抹	抹
抻	抻
押	押
抽	抽
抿	抿
拂	拂
拃	拃
拄	拄
拆	拆
拇	拇
拈	拈
拉	拉
拊	拊
拋	抛
拌	拌
拍	拍
拎	拎
拏	拏
拐	拐
拑	拑
拒	拒
拓	拓
拔	拔
拖	拖
拗	拗
拘	拘
拙	拙
拚	拚
招	招
拜	拜
拝	拝
拠	拠
拡	拡
拫	拫
括	括
拭	拭
拮	拮
拯	拯
拱	拱
拳	拳
拴	拴
拶	拶
拷	拷
拼	拼
拽	拽
拾	拾
拿	拿
持	持
指	指
挈	挈
按	按
挌	挌
挍	挍
挎	挎
挐	挐
挑	挑
挓	挓
挖	挖
挙	挙
挨	挨
挪	挪
挫	挫
振	振
挲	挲
挶	挶
挹	挹
挺	挺
挽	挽
挾	挟
挿	挿
捂	捂
捃	捃
捄	捄
捅	捅
捆	捆
捉	捉
捋	捋
捌	捌
捍	捍
捎	捎
捏	捏
捐	捐
捕	捕
捗	捗
捘	捘
捙	捙
捜	捜
捥	捥
捧	捧
捨	舍
捩	捩
捫	扪
捭	捭
据	据
捱	捱
捲	卷
捶	捶
捷	捷
捺	捺
捻	捻
捼	捼
捽	捽
掀	掀
掂	掂
掃	扫
掄	抡
掇	掇
授	授
掉	掉
掊	掊
掌	掌
掎	掎
掏	掏
掐	掐
排	排
掔	掔
掖	掖
掗	掗
掘	掘
掙	挣
掛	挂
掞	掞
掠	掠
採	采
探	探
掣	掣
掤	掤
接	接
控	控
推	推
掩	掩
措	措
掫	掫
掬	掬
掮	掮
掯	掯
掰	掰
掱	掱
掲	掲
掽	掽
掾	掾
揀	拣
揃	揃
揄	揄
揅	揅
揆	揆
揉	揉
揌	揌
揍	揍
揎	揎
描	描
提	提
插	插
揕	揕
揖	揖
揗	揗
揘	揘
揚	扬
換	换
揜	揜
揝	揝
揞	揞
揠	揠
握	握
揣	揣
揥	揥
揩	揩
揪	揪
揫	揫
揭	揭
揮	挥
揰	揰
揲	揲
援	援
揵	揵
揶	揶
揸	揸
揹	背
揺	揺
搆	搆
搉	搉
搊	搊
搋	搋
搌	搌
損	损
搎	搎
搏	搏
搐	搐
搓	搓
搔	搔
搕	搕
搖	摇
搗	捣
搘	搘
搜	搜
搞	搞
搠	搠
搡	搡
搢	搢
搣	搣
搤	搤
搥	搥
搦	搦
搧	搧
搨	搨
搪	搪
搬	搬
搭	搭
搯	掏
搰	搰
搲	搲
搳	搳
搴	搴
搵	揾
搶	抢
搷	搷
搽	搽
搾	搾
搿	搿
摀	摀
摁	摁
摂	摂
摃	摃
摎	摎
摑	掴
摒	摒
摓	摓
摔	摔
摘	摘
摙	摙
摛	摛
摜	掼
摞	摞
摟	搂
摠	摠
摦	摦
摧	摧
摩	摩
摭	摭
摮	摮
摯	挚
摰	摰
摲	摲
摳	抠
摴	摴
摶	抟
摷	摷
摸	摸
摹	摹
摺	折
摺	摺
摻	掺
摽	摽
撂	撂
撃	撃
撅	撅
撇	撇
撈	捞
撊	撊
撋	撋
撏	挦
撐	撑
撒	撒
撓	挠
撕	撕
撙	撙
撚	撚
撝	㧑
撞	撞
撟	挢
撢	撢
撣	掸
撤	撤
撥	拨
撦	撦
撧	撅
撩	撩
撫	抚
撬	撬
播	播
撮	撮
撰	撰
撱	撱
撲	扑
撳	揿
撻	挞
撼	撼
撾	挝
撿	捡
擀	擀
擁	拥
擂	擂
擄	掳
擅	擅
擇	择
擉	擉
擊	击
擋	挡
操	操
擎	擎
擐	擐
擒	擒
擔	担
擕	擕
擖	擖
擗	擗
擘	擘
據	据
擠	挤
擡	擡
擢	擢
擣	擣
擤	擤
擦	擦
擧	擧
擨	擨
擩	擩
擫	擫
擬	拟
擭	擭
擯	摈
擰	拧
擱	搁
擲	掷
擴	扩
擷	撷
擸	擸
擺	摆
擻	擞
擼	撸
擽	擽
擾	扰
擿	擿
攀	攀
攃	攃
攄	摅
攆	撵
攉	攉
攏	拢
攐	攐
攓	攓
攔	拦
攖	撄
攘	攘
攙	搀
攛	撺
攜	携
攝	摄
攢	攒
攣	挛
攤	摊
攥	攥
攩	攩
攪	搅
攫	攫
攬	揽
攮	攮
支	支
攰	攰
攲	攲
攴	攴
收	收
攷	攷
攸	攸
改	改
攻	攻
攽	攽
放	放
政	政
敁	敁
敃	敃
故	故
敇	敇
效	效
敉	敉
敍	叙
敎	敎
敏	敏
救	救
敔	敔
敕	敕
敖	敖
敗	败
敘	叙
教	教
敜	敜
敝	敝
敞	敞
敢	敢
散	散
敦	敦
敧	敧
敪	敪
敬	敬
敱	敳
敲	敲
整	整
敵	敌
敷	敷
數	数
敹	敹
敺	敺
敻	敻
敿	敿
斁	斁
斂	敛
斃	毙
斄	斄
文	文
斉	斉
斌	斌
斎	斎
斐	斐
斑	斑
斒	斒
斕	斓
斗	斗
料	料
斛	斛
斜	斜
斝	斝
斞	斞
斟	斟
斠	斠
斡	斡
斢	斢
斤	斤
斥	斥
斧	斧
斨	斨
斫	斫
斬	斩
斮	斮
斯	斯
新	新
斲	斲
斷	断
斸	斸
方	方
於	于
於	於
施	施
斾	斾
斿	斿
旀	旀
旁	旁
旂	旗
旃	旃
旄	旄
旅	旅
旆	旆
旋	旋
旌	旌
旎	旎
族	族
旐	旐
旒	旒
旓	旓
旖	旖
旗	旗
旛	旛
旝	旝
旟	旟
旡	旡
既	既
旣	旣
日	日
旦	旦
旨	旨
早	早
旬	旬
旭	旭
旮	旮
旯	旯
旰	旰
旱	旱
旴	旴
旹	时
旺	旺
旻	旻
旼	旼
旽	旽
昀	昀
昂	昂
昃	昃
昄	昄
昆	昆
昇	升
昇	昇
昉	昉
昊	昊
昌	昌
明	明
昏	昏
昑	昑
易	易
昔	昔
昕	昕
昜	昜
昝	昝
昞	昞
星	星
映	映
昡	昡
昤	昤
春	春
昦	昦
昧	昧
昨	昨
昫	昫
昭	昭
是	是
昰	是
昱	昱
昳	昳
昴	昴
昵	昵
昶	昶
昺	昺
昻	昻
晁	晁
時	时
晃	晃
晄	晄
晅	晅
晉	晋
晌	晌
晏	晏
晒	晒
晗	晗
晚	晚
晛	晛
晜	晜
晝	昼
晞	晞
晟	晟
晡	晡
晢	晢
晤	晤
晥	晥
晦	晦
晨	晨
晩	晩
晬	晬
普	普
景	景
晰	晰
晴	晴
晶	晶
晷	晷
智	智
晾	晾
晿	晿
暁	暁
暄	暄
暆	暆
暇	暇
暈	晕
暉	晖
暋	暋
暌	暌
暍	暍
暐	暐
暑	暑
暔	暔
暕	暕
暖	暖
暗	暗
暘	旸
暝	暝
暠	暠
暡	暡
暢	畅
暦	暦
暨	暨
暪	暪
暫	暂
暮	暮
暱	昵
暲	暲
暴	暴
暵	暵
暸	暸
暹	暹
暻	暻
暾	暾
曀	曀
曄	晔
曆	历
曇	昙
曈	曈
曉	晓
曌	曌
曏	曏
曐	曐
曖	暧
曘	曘
曙	曙
曚	曚
曛	曛
曜	曜
曝	曝
曠	旷
曡	叠
曦	曦
曨	昽
曩	曩
曬	晒
曰	曰
曱	曱
曲	曲
曳	曳
更	更
曷	曷
書	书
曹	曹
曼	曼
曽	曽
曾	曾
替	替
最	最
朁	朁
會	会
朅	朅
朆	朆
月	月
有	有
朊	朊
朋	朋
服	服
朏	朏
朐	朐
朓	朓
朔	朔
朕	朕
朗	朗
朘	朘
朙	朙
望	望
朝	朝
期	期
朠	朠
朢	朢
朣	朣
朦	朦
朧	胧
木	木
朩	朩
未	未
末	末
本	本
札	札
朮	朮
朰	朰
朱	朱
朳	朳
朴	朴
朵	朵
朶	朵
朽	朽
朾	朾
朿	朿
杅	杅
杆	杆
杇	杇
杈	杈
杉	杉
杌	杌
李	李
杏	杏
材	材
村	村
杓	杓
杕	杕
杖	杖
杗	杗
杙	杙
杜	杜
杝	杝
杞	杞
束	束
杠	杠
杪	杪
杭	杭
杯	杯
杰	杰
東	东
杲	杲
杳	杳
杴	杴
杵	杵
杶	杶
杷	杷
杸	杸
杻	杻
杼	杼
松	松
板	板
枇	枇
枉	枉
枋	枋
枌	枌
析	析
枒	枒
枓	枓
枕	枕
林	林
枘	枘
枙	枙
枚	枚
果	果
枝	枝
枟	枟
枯	枯
枰	枰
枲	枲
枳	枳
枴	枴
枵	枵
架	架
枷	枷
枸	枸
枹	枹
枻	枻
柁	柁
柂	柂
柃	柃
柄	柄
柅	柅
柈	柈
柊	柊
柎	柎
柏	柏
某	某
柑	柑
柒	柒
染	染
柔	柔
柘	柘
柙	柙
柚	柚
柜	柜
柝	柝
柞	柞
柟	柟
柢	柢
柣	柣
柤	柤
查	查
柩	柩
柬	柬
柮	柮
柯	柯
柰	柰
柱	柱
柲	柲
柳	柳
柴	柴
柵	栅
柶	柶
柷	柷
柸	柸
柺	柺
査	査
柿	柿
栃	栃
栄	栄
栒	栒
栓	栓
栔	栔
栗	栗
栘	栘
栝	栝
栟	栟
校	校
栢	柏
栩	栩
株	株
栫	栫
栭	栭
栱	栱
栲	栲
栳	栳
栴	栴
栵	栵
核	核
根	根
栻	栻
格	格
栽	栽
桀	桀
桁	桁
桂	桂
桃	桃
桄	桄
桅	桅
框	框
案	案
桉	桉
桋	桋
桌	桌
桎	桎
桐	桐
桑	桑
桓	桓
桔	桔
桕	桕
桜	桜
桟	桟
桫	桫
桭	桭
桮	杯
桯	桯
桲	桲
桴	桴
桶	桶
桷	桷
桹	桹
桿	杆
梁	梁
梃	梃
梅	梅
梆	梆
梊	梊
梍	梍
梏	梏
梐	梐
梓	梓
梔	栀
梗	梗
梘	枧
梜	梜
條	条
梟	枭
梠	梠
梡	梡
梢	梢
梣	梣
梧	梧
梨	梨
梩	梩
梭	梭
梯	梯
械	械
梱	梱
梲	梲
梳	梳
梴	梴
梵	梵
梹	梹
棁	棁
棃	棃
棄	弃
棉	棉
棋	棋
棍	棍
棐	棐
棑	棑
棒	棒
棕	棕
棖	枨
棗	枣
棘	棘
棚	棚
棜	棜
棟	栋
棠	棠
棣	棣
棧	栈
棨	棨
棩	棩
棪	棪
棫	棫
棬	棬
森	森
棯	棯
棰	棰
棱	棱
棲	栖
棳	棳
棵	棵
棸	棸
棹	棹
棺	棺
棻	棻
棼	棼
椀	碗
椄	椄
椅	椅
椆	椆
椈	椈
椊	椊
椋	椋
椌	椌
植	植
椎	椎
椏	桠
椐	椐
椑	椑
椒	椒
椓	椓
椗	椗
検	検
椤	椤
椪	椪
椰	椰
椳	椳
椴	椴
椵	椵
椷	椷
椸	椸
椹	椹
椽	椽
椿	椿
楀	楀
楂	楂
楄	匾
楅	楅
楊	杨
楋	楋
楍	楍
楎	楎
楓	枫
楔	楔
楗	楗
楘	楘
楙	楙
楚	楚
楛	楛
楝	楝
楞	楞
楟	楟
楠	楠
楢	楢
楣	楣
楥	楥
楦	楦
楨	桢
楩	楩
楪	楪
楫	楫
楬	楬
業	业
楮	楮
楯	楯
楰	楰
楳	梅
極	极
楷	楷
楸	楸
楹	楹
楻	楻
楽	楽
榀	榀
概	概
榃	榃
榆	榆
榊	榊
榎	榎
榔	榔
榕	榕
榖	榖
榘	榘
榛	榛
榜	搒
榜	榜
榠	榠
榡	榡
榤	榤
榥	榥
榦	榦
榧	榧
榨	榨
榪	杩
榫	榫
榭	榭
榮	荣
榰	榰
榱	榱
榴	榴
榷	榷
榻	榻
榼	榼
榾	榾
榿	桤
槁	槁
槃	槃
槊	槊
構	构
槌	槌
槍	枪
槎	槎
槐	槐
槑	槑
槓	杠
槔	槔
槖	槖
様	様
槜	槜
槢	槢
槤	梿
槥	槥
槧	椠
槨	椁
槪	槪
槭	槭
槮	椮
槱	槱
槲	槲
槳	桨
槺	槺
槻	槻
槼	槼
槽	槽
槾	槾
槿	槿
樁	桩
樂	乐
樅	枞
樆	樆
樊	樊
樏	樏
樑	梁
樑	樑
樓	楼
樕	樕
樗	樗
樘	樘
標	标
樛	樛
樞	枢
樟	樟
樠	樠
模	模
樣	样
樧	樧
樨	樨
権	権
樲	樲
樴	樴
樵	樵
樸	朴
樹	树
樺	桦
樻	樻
樽	樽
樾	樾
樿	樿
橁	橁
橄	橄
橆	橆
橇	橇
橈	桡
橋	桥
橐	橐
橕	橕
橘	橘
橙	橙
橚	橚
橛	橛
機	机
橡	橡
橢	椭
橤	橤
橧	橧
橫	横
橾	橾
橿	橿
檀	檀
檁	檩
檃	檃
檄	檄
檇	檇
檉	柽
檍	檍
檎	檎
檐	檐
檑	檑
檔	档
檖	檖
檗	檗
檜	桧
檟	槚
檠	檠
檢	检
檣	樯
檨	檨
檫	檫
檬	檬
檮	梼
檯	台
檳	槟
檴	檴
檵	檵
檸	柠
檻	槛
櫂	棹
櫃	柜
櫆	櫆
櫌	櫌
櫓	橹
櫚	榈
櫛	栉
櫜	櫜
櫝	椟
櫞	橼
櫟	栎
櫡	櫡
櫥	橱
櫧	槠
櫨	栌
櫪	枥
櫫	橥
櫬	榇
櫱	蘖
櫳	栊
櫸	榉
櫹	櫹
櫺	棂
櫻	樱
櫽	櫽
欀	欀
欂	欂
欃	欃
欄	栏
權	权
欏	椤
欐	欐
欑	欑
欒	栾
欖	榄
欙	欙
欞	棂
欠	欠
次	次
欣	欣
欨	欨
欬	欬
欱	欱
欲	欲
欵	欵
欶	欶
欷	欷
欸	欸
欹	欹
欺	欺
欻	欻
欼	欼
欽	钦
款	款
欿	欿
歁	歁
歃	歃
歆	歆
歇	歇
歈	歈
歉	歉
歊	歊
歌	歌
歎	叹
歐	欧
歓	歓
歔	歔
歕	歕
歘	歘
歙	歙
歛	歛
歜	歜
歟	欤
歠	歠
歡	欢
止	止
正	正
此	此
步	步
武	武
歧	歧
歩	歩
歪	歪
歮	歮
歯	歯
歰	歰
歲	岁
歳	歳
歴	歴
歷	历
歸	归
歹	歹
歺	歺
死	死
歾	歾
歿	殁
殀	夭
殂	殂
殃	殃
殄	殄
殆	殆
殈	殈
殉	殉
殊	殊
殍	殍
殑	殑
殖	殖
殗	殗
殘	残
殙	殙
殛	殛
殜	殜
殞	殒
殢	殢
殣	殣
殤	殇
殥	殥
殪	殪
殫	殚
殭	僵
殮	殓
殯	殡
殰	殰
殲	歼
殳	殳
段	段
殷	殷
殸	殸
殹	殹
殺	杀
殻	殻
殼	壳
殽	肴
殿	殿
毀	毁
毅	毅
毆	殴
毈	毈
毉	毉
毋	毋
母	母
毎	毎
每	每
毐	毐
毑	毑
毒	毒
毓	毓
比	比
毖	毖
毗	毗
毘	毘
毚	毚
毛	毛
毧	毧
毫	毫
毬	毬
毯	毯
毳	毳
毷	毷
毹	毹
毽	毽
毾	毾
毿	毵
氂	牦
氄	氄
氅	氅
氆	氆
氈	毡
氉	氉
氊	氊
氌	氇
氍	氍
氏	氏
氐	氐
民	民
氓	氓
氕	氕
氖	氖
気	気
氘	氘
氙	氙
氚	氚
氛	氛
氜	氜
氝	氝
氟	氟
氡	氡
氣	气
氤	氤
氥	氥
氦	氦
氧	氧
氨	氨
氪	氪
氫	氢
氬	氩
氮	氮
氯	氯
氰	氰
氳	氲
水	水
氵	氵
氷	冰
永	永
氹	氹
氺	氺
氽	氽
氾	氾
氿	氿
汀	汀
汁	汁
求	求
汆	汆
汊	汊
汋	汋
汍	汍
汎	汎
汏	汏
汐	汐
汔	汔
汕	汕
汗	汗
汙	汙
汚	汚
汛	汛
汜	汜
汝	汝
汞	汞
江	江
池	池
污	污
汧	汧
汨	汨
汩	汩
汪	汪
汭	汭
汰	汰
汲	汲
汳	汳
汴	汴
汶	汶
決	决
汽	汽
汾	汾
沁	沁
沂	沂
沃	沃
沄	沄
沅	沅
沆	沆
沇	沇
沈	沈
沉	沉
沌	沌
沍	沍
沏	沏
沐	沐
沒	没
沓	沓
沔	沔
沕	沕
沖	冲
沘	沘
沙	沙
沚	沚
沛	沛
沢	沢
沫	沫
沬	沬
沭	沭
沮	沮
沰	沰
沱	沱
河	河
沴	沴
沷	沷
沸	沸
油	油
沺	沺
治	治
沼	沼
沽	沽
沾	沾
沿	沿
況	况
泂	泂
泄	泄
泅	泅
泆	泆
泉	泉
泊	泊
泌	泌
泐	泐
泑	泑
泒	泒
泓	泓
泔	泔
法	法
泖	泖
泗	泗
泙	泙
泚	泚
泛	泛
泜	泜
泝	泝
泠	泠
泡	泡
波	波
泣	泣
泥	泥
注	注
泩	泩
泫	泫
泭	泭
泮	泮
泯	泯
泰	泰
泱	泱
泲	泲
泳	泳
泵	泵
洄	洄
洇	洇
洊	洊
洋	洋
洌	洌
洎	洎
洏	洏
洑	洑
洗	洗
洙	洙
洚	洚
洛	洛
洞	洞
洟	洟
洢	洢
洣	洣
津	津
洧	洧
洨	洨
洩	泄
洩	洩
洪	洪
洫	洫
洮	洮
洱	洱
洲	洲
洳	洳
洴	洴
洵	洵
洶	汹
洸	洸
洹	洹
洺	洺
活	活
洼	洼
洽	洽
派	派
洿	洿
流	流
浄	浄
浉	浉
浙	浙
浚	浚
浜	浜
浠	浠
浡	浡
浣	浣
浤	浤
浥	浥
浦	浦
浩	浩
浪	浪
浬	浬
浭	浭
浮	浮
浯	浯
浰	浰
浴	浴
海	海
浸	浸
浹	浃
浼	浼
浽	浽
涂	涂
涅	涅
涇	泾
消	消
涉	涉
涊	涊
涌	涌
涎	涎
涐	涐
涑	涑
涒	涒
涓	涓
涔	涔
涕	涕
涖	莅
涘	涘
涙	涙
涪	涪
涫	涫
涬	涬
涮	涮
涯	涯
液	液
涴	涴
涵	涵
涶	涶
涷	涷
涸	涸
涼	凉
涿	涿
淀	淀
淄	淄
淅	淅
淆	淆
淇	淇
淊	淊
淋	淋
淌	淌
淑	淑
淒	凄
淓	淓
淖	淖
淘	淘
淙	淙
淚	泪
淜	淜
淝	淝
淞	淞
淟	淟
淠	淠
淡	淡
淢	淢
淤	淤
淥	渌
淦	淦
淨	净
淩	淩
淪	沦
淫	淫
淬	淬
淮	淮
淯	淯
淰	淰
深	深
淳	淳
淵	渊
淶	涞
混	混
淸	淸
淹	淹
淺	浅
添	添
淼	淼
清	清
渇	渇
済	済
渉	渉
渋	渋
渓	渓
渕	渕
渙	涣
渚	渚
減	减
渝	渝
渟	渟
渠	渠
渡	渡
渢	渢
渣	渣
渤	渤
渥	渥
渦	涡
渧	渧
渨	渨
渫	渫
測	测
渭	渭
渮	渮
港	港
渰	渰
渲	渲
渴	渴
渶	渶
游	游
渺	渺
渼	渼
渾	浑
湃	湃
湄	湄
湅	湅
湉	湉
湊	凑
湋	湋
湍	湍
湎	湎
湑	湑
湓	湓
湔	湔
湖	湖
湘	湘
湛	湛
湜	湜
湝	湝
湞	浈
湟	湟
湢	湢
湣	湣
湧	涌
湩	湩
湫	湫
湮	湮
湯	汤
湱	湱
湲	湲
湴	湴
湼	涅
満	満
溈	沩
溉	溉
溍	溍
溎	溎
溏	溏
源	源
準	准
溘	溘
溛	溛
溜	溜
溝	沟
溟	溟
溠	溠
溢	溢
溤	溤
溥	溥
溦	溦
溧	溧
溪	溪
溫	温
溮	溮
溯	溯
溱	溱
溲	溲
溳	溳
溴	溴
溵	溵
溶	溶
溷	溷
溺	溺
溻	溻
溼	溼
溽	溽
溾	溾
滁	滁
滂	滂
滃	滃
滄	沧
滅	灭
滇	滇
滉	滉
滊	滊
滋	滋
滌	涤
滎	荥
滏	滏
滑	滑
滓	滓
滔	滔
滕	滕
滘	滘
滙	汇
滝	滝
滫	滫
滬	沪
滮	滮
滯	滞
滲	渗
滴	滴
滷	卤
滸	浒
滹	滹
滻	浐
滾	滚
滿	满
漁	渔
漂	漂
漆	漆
漈	漈
漉	漉
漊	漊
漎	漎
漏	漏
漓	漓
演	演
漕	漕
漖	漖
漘	漘
漙	漙
漚	沤
漜	漜
漠	漠
漢	汉
漣	涟
漥	漥
漦	漦
漩	漩
漪	漪
漫	漫
漬	渍
漭	漭
漯	漯
漰	漰
漱	漱
漲	涨
漳	漳
漵	溆
漶	漶
漷	漷
漸	渐
漼	漼
漾	漾
漿	浆
潀	潀
潁	颍
潄	潄
潎	潎
潏	潏
潑	泼
潔	洁
潕	潕
潗	潗
潘	潘
潚	潚
潛	潜
潝	潝
潞	潞
潟	潟
潠	潠
潢	潢
潤	润
潦	潦
潭	潭
潮	潮
潯	浔
潰	溃
潲	潲
潵	潵
潷	滗
潸	潸
潺	潺
潼	潼
潽	潽
潾	潾
潿	涠
澀	涩
澁	澁
澂	澂
澃	澃
澄	澄
澆	浇
澇	涝
澈	澈
澉	澉
澌	澌
澍	澍
澎	澎
澐	澐
澒	澒
澔	澔
澗	涧
澙	澙
澠	渑
澡	澡
澣	澣
澤	泽
澥	澥
澦	澦
澧	澧
澨	澨
澫	澫
澬	澬
澮	浍
澰	澰
澱	淀
澳	澳
澴	澴
澶	澶
澹	澹
澼	澼
激	激
濁	浊
濂	濂
濃	浓
濆	濆
濇	濇
濈	濈
濉	濉
濊	濊
濔	濔
濕	湿
濘	泞
濛	蒙
濜	濜
濞	濞
濟	济
濠	濠
濡	濡
濤	涛
濩	濩
濫	滥
濬	浚
濮	濮
濯	濯
濰	潍
濱	滨
濲	濲
濺	溅
濼	泺
濾	滤
瀁	瀁
瀅	滢
瀆	渎
瀉	泻
瀋	渖
瀌	瀌
瀍	瀍
瀏	浏
瀑	瀑
瀒	瀒
瀔	瀔
瀕	濒
瀘	泸
瀚	瀚
瀛	瀛
瀝	沥
瀟	潇
瀠	潆
瀡	瀡
瀣	瀣
瀦	潴
瀧	泷
瀨	濑
瀬	瀬
瀰	弥
瀲	潋
瀳	瀳
瀵	瀵
瀹	瀹
瀺	瀺
瀼	瀼
瀾	澜
灃	沣
灄	滠
灉	灉
灋	灋
灌	灌
灑	洒
灒	灒
灕	漓
灖	灖
灘	滩
灝	灏
灞	灞
灠	灠
灢	灢
灣	湾
灤	滦
灥	灥
灨	灨
灩	滟
灪	灪
火	火
灮	灮
灰	灰
灴	灴
灶	灶
灸	灸
灺	灺
灼	灼
災	灾
炁	炁
炅	炅
炆	炆
炊	炊
炎	炎
炒	炒
炔	炔
炕	炕
炗	炗
炘	炘
炙	炙
炤	炤
炫	炫
炬	炬
炭	炭
炮	炮
炯	炯
炰	炰
炱	炱
炲	炲
炳	炳
炴	炴
炷	炷
炸	炸
為	为
炻	炻
烀	烀
烈	烈
烊	烊
烋	烋
烏	乌
烓	烓
烔	烔
烘	烘
烙	烙
烜	烜
烝	烝
烤	烤
烯	烯
烳	烳
烴	烃
烷	烷
烹	烹
烺	烺
烽	烽
焃	焃
焄	焄
焉	焉
焊	焊
焌	焌
焐	焐
焓	焓
焗	焗
焙	焙
焚	焚
焜	焜
焞	焞
焠	焠
無	无
焢	焢
焦	焦
焮	焮
焯	焯
焰	焰
焱	焱
然	然
焼	焼
煁	煁
煃	煃
煅	煅
煆	煆
煇	煇
煉	炼
煊	煊
煌	煌
煍	煍
煎	煎
煐	煐
煒	炜
煕	煕
煖	煖
煗	暖
煙	烟
煚	煚
煜	煜
煝	煝
煞	煞
煟	煟
煠	煠
煢	茕
煤	煤
煥	焕
煦	煦
照	照
煨	煨
煩	烦
煬	炀
煮	煮
煲	煲
煳	煳
煸	煸
煺	煺
煻	煻
煽	煽
熀	熀
熄	熄
熅	熅
熇	熇
熉	熉
熊	熊
熏	熏
熒	荧
熔	熔
熗	炝
熘	熘
熙	熙
熛	熛
熜	熜
熟	熟
熠	熠
熤	熤
熨	熨
熬	熬
熯	熯
熰	熰
熱	热
熲	颎
熳	熳
熵	熵
熸	熸
熹	熹
熾	炽
熿	熿
燀	燀
燁	烨
燂	燂
燃	燃
燄	燄
燈	灯
燉	炖
燊	燊
燋	燋
燎	燎
燏	燏
燐	燐
燒	烧
燔	燔
燕	燕
燖	燖
燙	烫
燜	焖
營	营
燠	燠
燡	燡
燥	燥
燦	灿
燧	燧
燨	燨
燬	毁
燭	烛
燮	燮
燴	烩
燹	燹
燻	熏
燻	燻
燼	烬
燽	燽
燾	焘
燿	燿
爆	爆
爇	爇
爊	爊
爍	烁
爐	炉
爓	爓
爚	爚
爛	烂
爝	爝
爟	爟
爨	爨
爪	爪
爬	爬
爭	争
爯	爯
爰	爰
爲	为
爵	爵
父	父
爸	爸
爹	爹
爺	爷
爻	爻
爽	爽
爾	尔
爿	丬
爿	爿
牀	牀
牁	牁
牂	牂
牄	牄
牆	墙
片	片
版	版
牋	牋
牌	牌
牎	窗
牏	牏
牒	牒
牓	牓
牕	窗
牖	牖
牘	牍
牙	牙
牚	牚
牛	牛
牝	牝
牟	牟
牠	牠
牡	牡
牢	牢
牣	牣
牤	牤
牧	牧
物	物
牮	牮
牯	牯
牲	牲
牳	牳
牴	牴
牷	牷
牸	牸
特	特
牼	牼
牽	牵
牾	牾
牿	牿
犀	犀
犁	犁
犂	犂
犄	犄
犆	犆
犇	犇
犉	犉
犍	犍
犎	犎
犒	犒
犖	荦
犗	犗
犛	犛
犟	犟
犠	犠
犢	犊
犧	牺
犨	犨
犩	犩
犪	犪
犬	犬
犮	犮
犯	犯
犰	犰
犴	犴
犵	犵
犺	犺
狀	状
狁	狁
狂	狂
狃	狃
狄	狄
狆	狆
狉	狉
狍	狍
狎	狎
狐	狐
狒	狒
狓	狓
狗	狗
狘	狘
狙	狙
狠	狠
狡	狡
狨	狨
狩	狩
狫	狫
狳	狳
狴	狴
狷	狷
狸	狸
狹	狭
狺	狺
狻	狻
狼	狼
狽	狈
猁	猁
猇	猇
猈	猈
猊	猊
猋	猋
猓	猓
猖	猖
猗	猗
猘	猘
猙	狰
猛	猛
猜	猜
猝	猝
猞	猞
猟	猟
猢	猢
猥	猥
猩	猩
猭	猭
猱	猱
猲	猲
猳	猳
猴	猴
猶	犹
猷	猷
猸	猸
猹	猹
猺	猺
猻	狲
猾	猾
猿	猿
獀	獀
獁	犸
獃	獃
獄	狱
獅	狮
獉	獉
獍	獍
獎	奖
獏	獏
獐	獐
獒	獒
獕	獕
獗	獗
獘	毙
獙	獙
獚	獚
獜	獜
獝	獝
獞	獞
獠	獠
獢	獢
獣	獣
獧	獧
獨	独
獪	狯
獫	猃
獬	獬
獮	狝
獯	獯
獰	狞
獲	获
獳	獳
獴	獴
獵	猎
獷	犷
獸	兽
獺	獭
獻	献
獼	猕
獾	獾
玀	猡
玁	玁
玃	玃
玄	玄
玅	玅
玆	玆
率	率
玈	玈
玉	玉
王	王
玍	玍
玎	玎
玓	玓
玔	玔
玕	玕
玖	玖
玗	玗
玘	玘
玞	玞
玟	玟
玠	玠
玡	玡
玢	玢
玤	玤
玥	玥
玦	玦
玨	珏
玩	玩
玫	玫
玭	玭
玲	玲
玳	玳
玶	玶
玷	玷
玹	玹
玻	玻
玼	玼
珀	珀
珂	珂
珅	珅
珇	珇
珈	珈
珉	珉
珊	珊
珌	珌
珍	珍
珓	珓
珔	珔
珖	珖
珙	珙
珛	珛
珞	珞
珠	珠
珡	珡
珣	珣
珥	珥
珧	珧
珩	珩
珪	珪
班	班
珮	佩
珶	珶
珷	珷
珺	珺
珽	珽
現	现
琀	琀
琁	琁
球	球
琅	琅
理	理
琇	琇
琉	琉
琊	玡
琖	琖
琚	琚
琛	琛
琠	琠
琢	琢
琤	琤
琥	琥
琦	琦
琨	琨
琪	琪
琫	琫
琬	琬
琭	琭
琮	琮
琯	琯
琰	琰
琱	琱
琲	琲
琳	琳
琴	琴
琵	琵
琶	琶
琹	琴
琺	珐
琿	珲
瑀	瑀
瑁	瑁
瑂	瑂
瑄	瑄
瑉	瑉
瑋	玮
瑑	瑑
瑔	瑔
瑕	瑕
瑗	瑗
瑙	瑙
瑚	瑚
瑛	瑛
瑜	瑜
瑞	瑞
瑟	瑟
瑢	瑢
瑣	琐
瑤	瑶
瑩	莹
瑪	玛
瑭	瑭
瑯	琅
瑰	瑰
瑱	瑱
瑲	瑲
瑳	瑳
瑽	瑽
瑾	瑾
瑿	瑿
璀	璀
璁	璁
璃	璃
璅	璅
璆	璆
璇	璇
璈	璈
璉	琏
璊	璊
璋	璋
璐	璐
璘	璘
璚	璚
璜	璜
璝	璝
璞	璞
璟	璟
璠	璠
璡	璡
璣	玑
璥	璥
璦	瑷
璧	璧
璨	璨
璩	璩
璪	璪
璫	璫
璯	璯
環	环
璲	璲
璵	玙
璸	璸
璺	璺
璽	玺
璿	璿
瓀	瓀
瓅	瓅
瓊	琼
瓏	珑
瓔	璎
瓖	瓖
瓘	瓘
瓚	瓒
瓛	瓛
瓜	瓜
瓞	瓞
瓠	瓠
瓢	瓢
瓣	瓣
瓤	瓤
瓦	瓦
瓧	瓧
瓩	瓩
瓮	瓮
瓰	瓰
瓱	瓱
瓴	瓴
瓶	瓶
瓷	瓷
瓸	瓸
瓻	瓻
瓼	瓼
瓿	瓿
甀	甀
甁	甁
甃	甃
甄	甄
甇	甇
甋	甋
甌	瓯
甍	甍
甎	甎
甏	甏
甑	甑
甒	甒
甓	甓
甔	甔
甕	瓮
甖	甖
甗	甗
甘	甘
甙	甙
甚	甚
甜	甜
生	生
甡	甡
產	产
産	産
甥	甥
甦	苏
用	用
甩	甩
甪	甪
甫	甫
甬	甬
甭	甭
甮	甮
甯	宁
田	田
由	由
甲	甲
申	申
甴	甴
男	男
甸	甸
甹	甹
町	町
甽	甽
甾	甾
甿	甿
畀	畀
畁	畁
畇	畇
畈	畈
畊	畊
畋	畋
界	界
畎	畎
畏	畏
畑	畑
畓	畓
畔	畔
留	留
畚	畚
畛	畛
畜	畜
畝	亩
畟	畟
畢	毕
畤	畤
略	略
畦	畦
畧	畧
番	番
畫	画
畬	畲
畯	畯
異	异
畳	畳
畵	畵
當	当
畷	畷
畸	畸
畹	畹
畽	畽
畾	畾
畿	畿
疃	疃
疆	疆
疇	畴
疉	叠
疊	叠
疋	疋
疍	疍
疎	疎
疏	疏
疐	疐
疑	疑
疒	疒
疔	疔
疕	疕
疘	疘
疙	疙
疚	疚
疝	疝
疢	疢
疣	疣
疤	疤
疥	疥
疧	疧
疫	疫
疲	疲
疳	疳
疵	疵
疶	疶
疸	疸
疹	疹
疼	疼
疽	疽
疾	疾
疿	疿
痁	痁
痂	痂
痄	痄
病	病
症	症
痊	痊
痌	痌
痍	痍
痏	痏
痐	痐
痒	痒
痔	痔
痕	痕
痗	痗
痘	痘
痙	痉
痚	痚
痛	痛
痞	痞
痠	痠
痡	痡
痢	痢
痣	痣
痤	痤
痦	痦
痧	痧
痩	痩
痭	痭
痯	痯
痰	痰
痱	痱
痲	痲
痳	痳
痴	痴
痵	痵
痺	痹
痻	痻
痼	痼
痾	疴
痿	痿
瘀	瘀
瘁	瘁
瘂	痖
瘃	瘃
瘈	瘈
瘉	瘉
瘊	瘊
瘋	疯
瘌	瘌
瘍	疡
瘏	瘏
瘐	瘐
瘓	痪
瘕	瘕
瘖	瘖
瘙	瘙
瘚	瘚
瘛	瘛
瘜	瘜
瘝	瘝
瘞	瘗
瘟	瘟
瘠	瘠
瘡	疮
瘢	瘢
瘤	瘤
瘥	瘥
瘦	瘦
瘧	疟
瘨	瘨
瘩	瘩
瘭	瘭
瘮	瘆
瘯	瘯
瘰	瘰
瘲	疭
瘳	瘳
瘴	瘴
瘵	瘵
瘸	瘸
瘺	瘺
瘻	瘘
瘼	瘼
療	疗
癃	癃
癆	痨
癇	痫
癈	癈
癉	瘅
癌	癌
癎	癎
癐	癐
癒	愈
癔	癔
癖	癖
癘	疠
癙	癙
癜	癜
癟	瘪
癠	癠
癡	痴
癢	痒
癤	疖
癥	症
癧	疬
癩	癞
癪	癪
癬	癣
癭	瘿
癮	瘾
癯	癯
癰	痈
癱	瘫
癲	癫
癸	癸
発	発
登	登
發	发
白	白
百	百
皀	皀
皁	皁
皂	皂
皃	皃
的	的
皆	皆
皇	皇
皈	皈
皋	皋
皌	皌
皎	皎
皐	皋
皒	皒
皓	皓
皕	皕
皖	皖
皘	皘
皙	皙
皚	皑
皜	皜
皝	皝
皞	皞
皤	皤
皦	皦
皨	皨
皪	皪
皫	皫
皭	皭
皮	皮
皰	疱
皴	皴
皸	皲
皺	皱
皻	皻
皽	皽
皿	皿
盂	盂
盃	杯
盅	盅
盆	盆
盈	盈
益	益
盋	盋
盌	碗
盍	盍
盎	盎
盒	盒
盔	盔
盚	盚
盛	盛
盜	盗
盝	盝
盞	盏
盟	盟
盡	尽
監	监
盤	盘
盥	盥
盦	盦
盧	卢
盩	盩
盪	荡
盬	盬
盭	盭
目	目
盯	盯
盱	盱
盲	盲
直	直
盵	盵
相	相
盹	盹
盻	盻
盼	盼
盾	盾
省	省
眂	眂
眄	眄
眅	眅
眇	眇
眈	眈
眉	眉
眊	眊
看	看
県	県
眑	眑
眕	眕
眙	眙
眚	眚
眛	眛
眞	眞
真	真
眠	眠
眢	眢
眣	眣
眥	眦
眦	眦
眨	眨
眩	眩
眭	眭
眯	眯
眳	眳
眴	眴
眵	眵
眶	眶
眷	眷
眸	眸
眹	眹
眺	眺
眼	眼
眽	眽
眾	众
睃	睃
睅	睅
睆	睆
睇	睇
睊	睊
睍	睍
睎	睎
睏	困
睒	睒
睖	睖
睙	睙
睚	睚
睛	睛
睜	睁
睞	睐
睟	睟
睠	睠
睡	睡
睢	睢
督	督
睥	睥
睦	睦
睨	睨
睪	睪
睪	睾
睫	睫
睬	睬
睯	睯
睹	睹
睺	喉
睽	睽
睾	睾
睿	睿
瞀	瞀
瞄	瞄
瞅	瞅
瞇	眯
瞈	瞈
瞋	瞋
瞌	瞌
瞍	瞍
瞎	瞎
瞏	瞏
瞑	瞑
瞓	瞓
瞕	瞕
瞖	瞖
瞘	眍
瞜	䁖
瞞	瞒
瞟	瞟
瞠	瞠
瞢	瞢
瞤	瞤
瞥	瞥
瞧	瞧
瞪	瞪
瞫	瞫
瞬	瞬
瞭	了
瞭	瞭
瞰	瞰
瞳	瞳
瞵	瞵
瞷	瞷
瞹	瞹
瞻	瞻
瞼	睑
瞽	瞽
瞿	瞿
矇	蒙
矉	矉
矍	矍
矓	眬
矔	矔
矗	矗
矙	矙
矚	瞩
矛	矛
矜	矜
矞	矞
矟	矟
矠	矠
矢	矢
矣	矣
知	知
矧	矧
矩	矩
矬	矬
短	短
矮	矮
矯	矫
矰	矰
矱	矱
石	石
矸	矸
矻	矻
矼	矼
矽	矽
砂	砂
砃	砃
砅	砅
砆	砆
砉	砉
砌	砌
砍	砍
砑	砑
砒	砒
研	研
砕	砕
砝	砝
砟	砟
砠	砠
砢	砢
砣	砣
砥	砥
砦	砦
砧	砧
砩	砩
砫	砫
砬	砬
砭	砭
砮	砮
砰	砰
砲	炮
砳	砳
破	破
砵	砵
砷	砷
砸	砸
砹	砹
砼	砼
硃	朱
硅	硅
硇	硇
硌	硌
硍	硍
硎	硎
硏	硏
硐	硐
硒	硒
硜	硜
硝	硝
硤	硖
硨	砗
硪	硪
硫	硫
硬	硬
硭	硭
确	确
硯	砚
硻	硻
硼	硼
硾	硾
碁	碁
碃	碃
碇	碇
碉	碉
碌	碌
碎	碎
碏	碏
碑	碑
碓	碓
碔	碔
碗	碗
碘	碘
碚	碚
碞	碞
碟	碟
碡	碡
碣	碣
碧	碧
碩	硕
碪	碪
碫	碫
碬	碬
碭	砀
碯	碯
碰	碰
碲	碲
碳	碳
碴	碴
碸	砜
確	确
碻	碻
碼	码
碾	碾
磁	磁
磅	磅
磈	磈
磉	磉
磊	磊
磋	磋
磎	磎
磐	磐
磑	硙
磔	磔
磕	磕
磖	磖
磙	磙
磚	砖
磛	磛
磟	磟
磠	磠
磡	磡
磣	碜
磤	磤
磥	磥
磧	碛
磨	磨
磪	磪
磬	磬
磯	矶
磲	磲
磴	磴
磵	磵
磷	磷
磹	磹
磺	磺
磻	磻
磽	硗
礀	礀
礁	礁
礄	硚
礅	礅
礆	硷
礌	礌
礎	础
礐	礐
礓	礓
礙	碍
礚	礚
礜	礜
礞	礞
礡	礴
礤	礤
礦	矿
礧	礧
礪	砺
礫	砾
礬	矾
礮	礮
礱	砻
礲	礲
礵	礵
示	示
礽	礽
社	社
礿	礿
祀	祀
祁	祁
祂	祂
祄	祄
祅	祅
祆	祆
祇	只
祇	祇
祈	祈
祉	祉
祊	祊
祍	祍
祏	祏
祐	祐
祓	祓
祔	祔
祕	祕
祕	秘
祖	祖
祗	祗
祘	祘
祚	祚
祛	祛
祜	祜
祝	祝
神	神
祟	祟
祠	祠
祥	祥
祧	祧
票	票
祫	祫
祭	祭
祲	祲
祺	祺
祻	祻
祼	祼
祿	禄
禁	禁
禂	禂
禇	禇
禊	禊
禋	禋
禍	祸
禎	祯
福	福
禑	祦
禔	禔
禕	祎
禖	禖
禘	禘
禚	禚
禛	禛
禜	禜
禝	禝
禠	禠
禡	祃
禢	禢
禤	禤
禥	禥
禦	御
禧	禧
禨	禨
禪	禅
禫	禫
禮	礼
禰	祢
禱	祷
禳	禳
禴	禴
禸	禸
禹	禹
禺	禺
离	离
禽	禽
禾	禾
禿	秃
秀	秀
私	私
秈	秈
秉	秉
秊	秊
秋	秋
秌	秋
秏	秏
科	科
秒	秒
秕	秕
秘	秘
租	租
秠	秠
秣	秣
秤	秤
秦	秦
秧	秧
秩	秩
秪	秪
秫	秫
秬	秬
秭	秭
秷	秷
秸	秸
移	移
稀	稀
稂	稂
稃	稃
稅	税
稈	秆
稊	稊
程	程
稌	稌
稍	稍
稑	稑
稔	稔
稗	稗
稙	稙
稚	稚
稛	稛
稜	棱
稞	稞
稟	禀
稠	稠
稬	稬
稭	秸
種	种
稱	称
稲	稲
稷	稷
稹	稹
稻	稻
稼	稼
稽	稽
稾	稿
稿	稿
穀	谷
穂	穂
穄	穄
穆	穆
穇	穇
穈	穈
穉	穉
穋	穋
穌	稣
積	积
穎	颖
穏	穏
穗	穗
穜	穜
穟	穟
穠	秾
穡	穑
穢	秽
穣	穣
穤	穤
穧	穧
穨	穨
穩	稳
穫	获
穭	穭
穮	穮
穰	穰
穴	穴
穵	穵
究	究
穸	穸
穹	穹
空	空
穿	穿
窀	窀
突	突
窂	窂
窄	窄
窅	窅
窆	窆
窈	窈
窊	窊
窋	窋
窌	窌
窒	窒
窓	窗
窔	窔
窕	窕
窖	窖
窗	窗
窘	窘
窞	窞
窟	窟
窠	窠
窣	窣
窨	窨
窩	窝
窪	洼
窬	窬
窮	穷
窯	窑
窰	窑
窳	窳
窴	窴
窵	窵
窶	窭
窸	窸
窺	窥
窻	窗
窾	窾
窿	窿
竁	竁
竃	竃
竄	窜
竅	窍
竇	窦
竈	竈
竊	窃
立	立
竑	竑
站	站
竜	竜
竝	并
竟	竟
章	章
竣	竣
童	童
竦	竦
竪	竖
竭	竭
端	端
競	竞
竹	竹
竺	竺
竽	竽
竾	竾
竿	竿
笄	笄
笆	笆
笈	笈
笉	笉
笊	笊
笎	笎
笏	笏
笐	笐
笑	笑
笓	笓
笙	笙
笛	笛
笞	笞
笠	笠
笤	笤
笥	笥
符	符
笨	笨
笪	笪
笫	笫
第	第
笭	笭
笮	笮
笰	笰
笱	笱
笲	笲
笳	笳
笵	笵
笸	笸
笻	笻
筀	筀
筅	筅
筆	笔
筇	筇
筈	筈
等	等
筊	筊
筋	筋
筌	筌
筍	笋
筎	筎
筏	筏
筐	筐
筑	筑
筒	筒
答	答
策	策
筘	筘
筠	筠
筤	筤
筥	筥
筦	筦
筧	笕
筩	筒
筭	筭
筮	筮
筯	箸
筰	筰
筱	筱
筲	筲
筳	筳
筴	筴
筵	筵
筷	筷
筸	筸
箂	箂
箇	个
箊	箊
箋	笺
箍	箍
箎	箎
箏	筝
箐	箐
箑	箑
箒	箒
箔	箔
箕	箕
算	算
箘	箘
箙	箙
箛	箛
箜	箜
箝	箝
箠	箠
管	管
箬	箬
箭	箭
箯	箯
箱	箱
箴	箴
箸	箸
箾	箾
節	节
篁	篁
範	范
篆	篆
篇	篇
築	筑
篋	箧
篌	篌
篔	筼
篘	篘
篙	篙
篚	篚
篛	篛
篜	篜
篝	篝
篟	篟
篠	篠
篡	篡
篢	篢
篤	笃
篥	篥
篦	篦
篧	篧
篨	篨
篩	筛
篪	篪
篭	篭
篰	篰
篲	篲
篳	筚
篴	篴
篶	篶
篷	篷
篹	篹
篼	篼
篾	篾
簀	箦
簁	簁
簃	簃
簆	簆
簇	簇
簉	簉
簋	簋
簌	簌
簍	篓
簏	簏
簑	簑
簜	簜
簞	箪
簟	簟
簠	簠
簡	简
簣	篑
簥	簥
簦	簦
簧	簧
簨	簨
簪	簪
簫	箫
簬	簬
簰	簰
簷	檐
簸	簸
簹	筜
簻	簻
簽	签
簾	帘
簿	簿
籀	籀
籃	篮
籊	籊
籌	筹
籍	籍
籐	藤
籒	籒
籓	籓
籔	籔
籖	签
籙	箓
籚	籚
籛	篯
籜	箨
籟	籁
籠	笼
籣	籣
籤	签
籥	籥
籧	籧
籩	笾
籪	簖
籫	籫
籬	篱
籮	箩
籯	籯
籲	吁
米	米
籵	籵
籸	籸
籹	籹
籼	籼
籽	籽
粁	粁
粃	秕
粉	粉
粋	粋
粑	粑
粒	粒
粔	粔
粕	粕
粗	粗
粘	粘
粛	粛
粞	粞
粟	粟
粢	粢
粥	粥
粧	粧
粨	粨
粱	粱
粲	粲
粳	粳
粵	粤
粹	粹
粺	稗
粻	粻
粼	粼
粽	粽
精	精
粿	粿
糅	糅
糆	糆
糈	糈
糊	糊
糌	糌
糍	糍
糒	糒
糔	糔
糕	糕
糖	糖
糗	糗
糙	糙
糜	糜
糝	糁
糞	粪
糟	糟
糠	糠
糢	糢
糧	粮
糨	糨
糬	糬
糭	粽
糯	糯
糰	团
糱	糱
糲	粝
糴	籴
糶	粜
糸	糸
糺	糺
系	系
糾	纠
紀	纪
紂	纣
紃	紃
約	约
紅	红
紆	纡
紇	纥
紈	纨
紉	纫
紊	紊
紋	纹
納	纳
紐	纽
紑	紑
紓	纾
純	纯
紕	纰
紗	纱
紘	纮
紙	纸
級	级
紛	纷
紜	纭
紝	纴
紞	紞
紟	紟
素	素
紡	纺
索	索
紥	扎
紩	紩
紫	紫
紬	紬
紮	扎
累	累
細	细
紱	绂
紲	绁
紳	绅
紵	纻
紹	绍
紺	绀
紼	绋
紽	紽
紾	紾
紿	绐
絀	绌
絁	絁
終	终
絃	絃
組	组
絅	絅
絆	绊
経	経
絍	絍
絎	绗
絏	絏
結	结
絓	絓
絕	绝
絖	絖
絘	絘
絛	绦
絜	絜
絝	绔
絞	绞
絡	络
絢	绚
絣	絣
給	给
絨	绒
絪	絪
絫	絫
絮	絮
絰	絰
統	统
絲	丝
絳	绛
絵	絵
絶	绝
絹	绢
絺	絺
絻	絻
絿	絿
綀	綀
綁	绑
綃	绡
綅	綅
綆	绠
綈	绨
綉	绣
綌	綌
綍	綍
綎	綎
綏	绥
綑	捆
經	经
綖	綖
綘	綘
継	継
続	続
綜	综
綠	绿
綢	绸
綣	绻
綦	綦
綪	綪
綫	线
綬	绶
維	维
綮	綮
綯	綯
綰	绾
綱	纲
網	网
綴	缀
綵	䌽
綷	綷
綸	纶
綹	绺
綺	绮
綻	绽
綽	绰
綾	绫
綿	绵
緁	緁
緄	绲
緅	緅
緆	緆
緇	缁
緊	紧
緋	绯
緌	緌
緎	緎
総	総
緑	緑
緒	绪
緔	绱
緖	緖
緗	缃
緘	缄
緙	缂
線	线
緜	绵
緝	缉
緞	缎
締	缔
緡	缗
緣	缘
緤	緤
緥	褓
緦	缌
編	编
緩	缓
緪	緪
緬	缅
緯	纬
緰	緰
緱	缑
緲	缈
練	练
緶	缏
緹	缇
緻	致
縁	縁
縃	縃
縄	縄
縈	萦
縉	缙
縊	缢
縋	缒
縏	縏
縐	绉
縑	缣
縕	縕
縗	缞
縚	縚
縛	缚
縝	缜
縞	缟
縟	缛
縠	縠
縡	縡
縢	縢
縣	县
縦	縦
縧	绦
縩	縩
縫	缝
縭	缡
縮	缩
縯	縯
縰	縰
縱	纵
縲	缧
縳	縳
縴	纤
縵	缦
縶	絷
縷	缕
縹	缥
縻	縻
總	总
績	绩
縿	縿
繁	繁
繃	绷
繄	繄
繅	缫
繆	缪
繇	繇
繈	繈
繊	繊
繋	繋
繐	繐
繒	缯
織	织
繕	缮
繖	繖
繘	繘
繙	繙
繚	缭
繞	绕
繠	繠
繡	绣
繢	缋
繣	繣
繨	繨
繩	绳
繪	绘
繫	系
繭	茧
繮	缰
繯	缳
繰	缲
繳	缴
繸	繸
繹	绎
繻	繻
繼	继
繽	缤
繾	缱
纁	纁
纂	纂
纆	纆
纇	纇
纈	缬
纉	缵
纊	纩
續	续
纍	累
纏	缠
纑	纑
纓	缨
纔	才
纕	纕
纖	纤
纘	缵
纙	纙
纚	纚
纛	纛
纜	缆
缶	缶
缸	缸
缺	缺
缽	钵
缾	缾
罃	罃
罄	罄
罅	罅
罆	罆
罈	坛
罋	罋
罌	罂
罍	罍
罎	罎
罏	罏
罐	罐
罔	罔
罕	罕
罖	罖
罘	罘
罛	罛
罝	罝
罟	罟
罠	罠
罡	罡
罣	罣
罥	罥
罦	罦
罨	罨
罩	罩
罪	罪
罫	罫
罭	罭
置	置
罰	罚
署	署
罳	罳
罵	骂
罶	罶
罷	罢
罹	罹
罻	罻
罽	罽
罾	罾
罿	罿
羂	羂
羃	羃
羅	罗
羆	罴
羇	羇
羈	羁
羊	羊
羋	芈
羌	羌
美	美
羑	羑
羔	羔
羖	羖
羗	羌
羚	羚
羜	羜
羝	羝
羞	羞
羢	羢
羣	羣
群	群
羥	羟
羧	羧
羨	羡
義	义
羭	羭
羮	羮
羯	羯
羰	羰
羱	羱
羲	羲
羵	羵
羶	羶
羸	羸
羹	羹
羼	羼
羽	羽
羿	羿
翀	翀
翁	翁
翃	翃
翄	翅
翅	翅
翊	翊
翌	翌
翎	翎
翏	翏
習	习
翔	翔
翕	翕
翛	翛
翟	翟
翠	翠
翡	翡
翣	翣
翥	翥
翦	翦
翩	翩
翪	翪
翫	翫
翬	翚
翮	翮
翯	翯
翰	翰
翱	翱
翳	翳
翹	翘
翺	翱
翻	翻
翼	翼
翽	翽
翾	翾
翿	翿
耀	耀
老	老
考	考
耄	耄
者	者
耆	耆
耇	耇
耋	耋
而	而
耍	耍
耎	耎
耏	耏
耐	耐
耑	专
耒	耒
耔	耔
耕	耕
耗	耗
耘	耘
耙	耙
耜	耜
耞	耞
耡	耡
耤	耤
耦	耦
耨	耨
耩	耩
耪	耪
耬	耧
耰	耰
耳	耳
耵	耵
耶	耶
耷	耷
耽	耽
耿	耿
聃	聃
聆	聆
聊	聊
聎	聎
聒	聒
聖	圣
聘	聘
聚	聚
聝	聝
聞	闻
聡	聡
聦	聦
聯	联
聰	聪
聱	聱
聲	声
聳	耸
聴	聴
聵	聩
聶	聂
職	职
聹	聍
聼	聼
聽	听
聾	聋
聿	聿
肄	肄
肅	肃
肆	肆
肇	肇
肈	肇
肉	肉
肋	肋
肌	肌
肏	肏
肐	肐
肓	肓
肕	肕
肖	肖
肘	肘
肙	肙
肚	肚
肛	肛
肜	肜
肝	肝
肟	肟
股	股
肢	肢
肥	肥
肧	肧
肩	肩
肪	肪
肫	肫
肬	肬
肭	肭
肯	肯
肰	肰
肱	肱
育	育
肴	肴
肵	肵
肸	肸
肺	肺
肼	肼
肽	肽
胂	胂
胃	胃
胄	胄
胊	胊
背	背
胍	胍
胎	胎
胏	胏
胑	胑
胔	胔
胖	胖
胗	胗
胙	胙
胚	胚
胛	胛
胝	胝
胞	胞
胠	胠
胡	胡
胤	胤
胥	胥
胦	胦
胩	胩
胬	胬
胭	胭
胯	胯
胰	胰
胱	胱
胲	胲
胳	胳
胴	胴
胸	胸
胹	胹
胺	胺
胻	胻
胼	胼
能	能
胾	胾
脂	脂
脅	胁
脆	脆
脇	脇
脈	脉
脊	脊
脖	脖
脘	脘
脛	胫
脝	脝
脞	脞
脡	脡
脢	脢
脣	脣
脤	脤
脥	脥
脧	脧
脩	脩
脫	脱
脬	脬
脯	脯
脰	脰
脲	脲
脳	脳
脹	胀
脾	脾
腆	腆
腈	腈
腊	腊
腋	腋
腌	腌
腍	腍
腎	肾
腐	腐
腑	腑
腒	腒
腓	腓
腔	腔
腕	腕
腖	胨
腚	腚
腜	腜
腠	腠
腡	脶
腥	腥
腦	脑
腧	腧
腩	腩
腫	肿
腬	腬
腮	腮
腯	腯
腰	腰
腱	腱
腳	脚
腴	腴
腶	腶
腸	肠
腹	腹
腺	腺
腿	腿
膀	膀
膂	膂
膃	腽
膆	嗉
膇	膇
膈	膈
膊	膊
膋	膋
膏	膏
膔	膔
膕	腘
膗	膗
膘	膘
膙	膙
膚	肤
膛	膛
膜	膜
膝	膝
膟	膟
膠	胶
膣	膣
膦	膦
膨	膨
膩	腻
膪	膪
膫	膫
膰	膰
膲	膲
膳	膳
膴	膴
膵	膵
膷	膷
膺	膺
膻	膻
膽	胆
膾	脍
膿	脓
臀	臀
臂	臂
臃	臃
臄	臄
臆	臆
臇	臇
臈	臈
臉	脸
臊	臊
臌	臌
臍	脐
臏	膑
臐	臐
臑	臑
臓	臓
臕	膘
臖	臖
臘	腊
臙	臙
臚	胪
臛	臛
臝	臝
臞	臞
臟	脏
臠	脔
臢	臜
臣	臣
臥	卧
臧	臧
臨	临
自	自
臬	臬
臭	臭
臲	臲
至	至
致	致
臺	台
臻	臻
臼	臼
臽	臽
臾	臾
臿	臿
舀	舀
舁	舁
舂	舂
舄	舄
舅	舅
與	与
興	兴
舉	举
舊	旧
舋	舋
舌	舌
舍	舍
舎	舎
舐	舐
舒	舒
舔	舔
舖	铺
舗	舗
舘	馆
舛	舛
舜	舜
舝	舝
舞	舞
舟	舟
舠	舠
舡	舡
舢	舢
舨	舨
航	航
舫	舫
般	般
舭	舭
舲	舲
舳	舳
舴	舴
舵	舵
舶	舶
舷	舷
舸	舸
船	船
舺	舺
艁	艁
艄	艄
艅	艅
艇	艇
艉	艉
艋	艋
艎	艎
艏	艏
艑	艑
艕	艕
艖	艖
艗	艗
艘	艘
艙	舱
艚	艚
艜	艜
艟	艟
艣	艣
艤	舣
艦	舰
艨	艨
艩	艩
艫	舻
艬	艬
艭	艭
艮	艮
良	良
艱	艰
色	色
艴	艴
艶	艳
艷	艳
艸	艸
艹	艹
艻	艻
艾	艾
艿	艿
芃	芃
芄	芄
芊	芊
芋	芋
芍	芍
芎	芎
芏	芏
芑	芑
芒	芒
芔	芔
芘	芘
芙	芙
芚	芚
芝	芝
芟	芟
芡	芡
芣	芣
芤	芤
芥	芥
芧	芧
芨	芨
芩	芩
芪	芪
芫	芫
芬	芬
芭	芭
芮	芮
芯	芯
芰	芰
花	花
芳	芳
芴	芴
芷	芷
芸	芸
芹	芹
芻	刍
芼	芼
芽	芽
芾	芾
芿	芿
苄	苄
苑	苑
苒	苒
苓	苓
苔	苔
苕	苕
苗	苗
苘	苘
苙	苙
苛	苛
苜	苜
苞	苞
苟	苟
苠	苠
苡	苡
苣	苣
苤	苤
若	若
苦	苦
苧	苎
苪	苪
苫	苫
苯	苯
英	英
苴	苴
苶	苶
苷	苷
苹	苹
苺	苺
苻	苻
苾	苾
茀	茀
茁	茁
茂	茂
范	范
茄	茄
茅	茅
茆	茆
茇	茇
茈	茈
茉	茉
茌	茌
茍	茍
茖	茖
茗	茗
茚	茚
茛	茛
茜	茜
茞	茞
茠	茠
茢	茢
茥	茥
茦	茦
茨	茨
茫	茫
茬	茬
茭	茭
茯	茯
茱	茱
茲	兹
茳	茳
茴	茴
茵	茵
茶	茶
茷	茷
茸	茸
茹	茹
茼	茼
荀	荀
荁	荁
荃	荃
荄	荄
荅	荅
荇	荇
荈	荈
草	草
荊	荆
荍	荍
荏	荏
荑	荑
荒	荒
荔	荔
荘	荘
荳	豆
荵	荵
荷	荷
荸	荸
荻	荻
荼	荼
荽	荽
莆	莆
莉	莉
莊	庄
莎	莎
莒	莒
莓	莓
莔	莔
莕	莕
莖	茎
莘	莘
莙	莙
莚	莚
莛	莛
莜	莜
莝	莝
莞	莞
莠	莠
莢	荚
莦	莦
莧	苋
莨	莨
莩	莩
莪	莪
莫	莫
莭	莭
莰	莰
莽	莽
莿	莿
菀	菀
菁	菁
菅	菅
菆	菆
菇	菇
菉	菉
菊	菊
菌	菌
菎	菎
菏	菏
菐	菐
菑	菑
菓	菓
菔	菔
菕	芲
菖	菖
菘	菘
菜	菜
菝	菝
菟	菟
菠	菠
菡	菡
菢	菢
菣	菣
菥	菥
菧	菧
菩	菩
菪	菪
菫	菫
華	华
菰	菰
菱	菱
菲	菲
菴	菴
菶	菶
菷	菷
菸	菸
菹	菹
菺	菺
菻	菻
菼	菼
菽	菽
菾	菾
萁	萁
萃	萃
萄	萄
萅	萅
萆	萆
萇	苌
萊	莱
萋	萋
萌	萌
萍	萍
萎	萎
萏	萏
萐	萐
萑	萑
萘	萘
萜	萜
萣	萣
萩	萩
萬	万
萰	萰
萱	萱
萴	萴
萵	莴
萸	萸
萹	扁
萻	萻
萼	萼
落	落
葄	葄
葆	葆
葇	葇
葉	叶
葍	葍
葎	葎
葑	葑
葒	荭
葖	葖
著	着
著	著
葙	葙
葚	葚
葛	葛
葠	葠
葡	葡
董	董
葥	葥
葦	苇
葧	葧
葩	葩
葫	葫
葬	葬
葭	葭
葯	药
葳	葳
葴	葴
葵	葵
葶	葶
葷	荤
葸	葸
葹	葹
葺	葺
葽	葽
蒂	蒂
蒄	蒄
蒎	蒎
蒐	蒐
蒓	莼
蒔	莳
蒗	蒗
蒙	蒙
蒜	蒜
蒞	莅
蒟	蒟
蒡	蒡
蒢	蒢
蒦	蒦
蒨	蒨
蒭	蒭
蒯	蒯
蒱	蒱
蒲	蒲
蒴	蒴
蒸	蒸
蒹	蒹
蒺	蒺
蒻	蒻
蒼	苍
蒽	蒽
蒿	蒿
蓀	荪
蓁	蓁
蓂	蓂
蓄	蓄
蓆	蓆
蓇	蓇
蓉	蓉
蓊	蓊
蓋	盖
蓌	蓌
蓍	蓍
蓏	蓏
蓐	蓐
蓑	蓑
蓓	蓓
蓖	蓖
蓧	蓧
蓪	蓪
蓫	蓫
蓬	蓬
蓮	莲
蓯	苁
蓰	蓰
蓱	蓱
蓴	莼
蓷	蓷
蓺	蓺
蓼	蓼
蓽	荜
蓿	蓿
蔀	蔀
蔂	蔂
蔃	蔃
蔆	蔆
蔇	蔇
蔉	蔉
蔊	蔊
蔋	蔋
蔌	蔌
蔎	蔎
蔑	蔑
蔓	蔓
蔔	卜
蔕	蔕
蔗	蔗
蔘	蔘
蔙	蔙
蔚	蔚
蔞	蒌
蔟	蔟
蔡	蔡
蔣	蒋
蔥	葱
蔦	茑
蔫	蔫
蔬	蔬
蔭	荫
蔯	蔯
蔳	蔳
蔴	麻
蔵	蔵
蔸	蔸
蔻	蔻
蔽	蔽
蔾	蔾
蕁	荨
蕃	蕃
蕆	蒇
蕈	蕈
蕉	蕉
蕊	蕊
蕋	蕋
蕍	蕍
蕎	荞
蕐	蕐
蕑	蕑
蕒	荬
蕓	芸
蕕	莸
蕖	蕖
蕗	蕗
蕘	荛
蕙	蕙
蕝	蕝
蕞	蕞
蕠	蕠
蕡	蕡
蕢	蒉
蕣	蕣
蕤	蕤
蕨	蕨
蕩	荡
蕪	芜
蕭	萧
蕳	蕳
蕷	蓣
蕸	蕸
蕹	蕹
蕺	蕺
蕻	蕻
蕾	蕾
薀	薀
薁	薁
薃	薃
薄	薄
薅	薅
薆	薆
薇	薇
薈	荟
薉	薉
薊	蓟
薌	芗
薏	薏
薐	薐
薑	姜
薔	蔷
薖	薖
薘	薘
薙	剃
薛	薛
薜	薜
薠	薠
薢	薢
薤	薤
薦	荐
薧	薧
薨	薨
薩	萨
薪	薪
薫	薫
薬	薬
薯	薯
薰	熏
薰	薰
薳	薳
薶	薶
薷	薷
薸	薸
薹	薹
薺	荠
薽	薽
薾	薾
薿	薿
藁	藁
藄	藄
藇	藇
藉	借
藉	藉
藋	藋
藍	蓝
藎	荩
藏	藏
藐	藐
藕	藕
藘	藘
藙	藙
藚	藚
藜	藜
藝	艺
藟	藟
藤	藤
藥	药
藦	藦
藨	藨
藩	藩
藪	薮
藭	藭
藳	藳
藴	藴
藶	苈
藷	藷
藹	蔼
藺	蔺
藻	藻
藾	藾
藿	藿
蘀	蘀
蘁	蘁
蘄	蕲
蘅	蘅
蘆	芦
蘇	苏
蘊	蕴
蘋	苹
蘑	蘑
蘗	蘗
蘘	蘘
蘚	藓
蘝	蘝
蘞	蔹
蘢	茏
蘤	蘤
蘧	蘧
蘩	蘩
蘭	兰
蘵	蘵
蘸	蘸
蘺	蓠
蘼	蘼
蘿	萝
虀	虀
虆	虆
虍	虍
虎	虎
虐	虐
虒	虒
虓	虓
虔	虔
處	处
虖	虖
虛	虚
虜	虏
虞	虞
號	号
虡	虡
虢	虢
虣	虣
虥	虥
虧	亏
虩	虩
虯	虬
虰	虰
虱	虱
虵	蛇
虷	虷
虹	虹
虺	虺
虻	虻
虼	虼
蚆	蚆
蚈	蚈
蚊	蚊
蚋	蚋
蚌	蚌
蚍	蚍
蚓	蚓
蚔	蚔
蚖	蚖
蚘	蚘
蚜	蚜
蚡	蚡
蚣	蚣
蚤	蚤
蚧	蚧
蚨	蚨
蚩	蚩
蚪	蚪
蚯	蚯
蚰	蚰
蚱	蚱
蚳	蚳
蚴	蚴
蚵	蚵
蚶	蚶
蚹	蚹
蚺	蚺
蚻	蚻
蚿	蚿
蛀	蛀
蛁	蛁
蛄	蛄
蛅	蛅
蛆	蛆
蛇	蛇
蛉	蛉
蛋	蛋
蛌	蛌
蛍	蛍
蛐	蛐
蛑	蛑
蛓	蛓
蛔	蛔
蛘	蛘
蛙	蛙
蛚	蛚
蛛	蛛
蛜	蛜
蛞	蛞
蛟	蛟
蛡	蛡
蛣	蛣
蛤	蛤
蛩	蛩
蛭	蛭
蛵	蛵
蛸	蛸
蛹	蛹
蛺	蛱
蛻	蜕
蛾	蛾
蜀	蜀
蜂	蜂
蜃	蜃
蜅	蜅
蜆	蚬
蜇	蜇
蜈	蜈
蜉	蜉
蜊	蜊
蜋	蜋
蜍	蜍
蜎	蜎
蜑	蜑
蜒	蜒
蜓	蜓
蜘	蜘
蜚	蜚
蜛	蜛
蜜	蜜
蜞	蜞
蜢	蜢
蜣	蜣
蜥	蜥
蜨	蜨
蜩	蜩
蜮	蜮
蜱	蜱
蜴	蜴
蜷	蜷
蜺	蜺
蜻	蜻
蜾	蜾
蜿	蜿
蝀	蝀
蝃	蝃
蝋	蝋
蝌	蝌
蝍	蝍
蝎	蝎
蝏	蝏
蝓	蝓
蝕	蚀
蝗	蝗
蝘	蝘
蝙	蝙
蝝	蝝
蝟	猬
蝠	蝠
蝡	蝡
蝣	蝣
蝤	蝤
蝥	蝥
蝦	虾
蝨	虱
蝮	蝮
蝯	猿
蝰	蝰
蝱	虻
蝲	蝲
蝴	蝴
蝶	蝶
蝸	蜗
蝻	蝻
蝽	蝽
螂	螂
螃	螃
螄	蛳
螅	螅
螈	螈
螉	螉
螋	螋
融	融
螒	螒
螓	螓
螗	螗
螘	螘
螙	螙
螚	螚
螞	蚂
螟	螟
螢	萤
螣	螣
螥	螥
螫	螫
螬	螬
螭	螭
螮	䗖
螯	螯
螳	螳
螵	螵
螺	螺
螻	蝼
螽	螽
螾	螾
螿	螀
蟀	蟀
蟄	蛰
蟅	蟅
蟆	蟆
蟈	蝈
蟊	蟊
蟋	蟋
蟎	螨
蟑	蟑
蟒	蟒
蟓	蟓
蟛	蟛
蟜	蟜
蟟	蟟
蟠	蟠
蟢	蟢
蟣	虮
蟥	蟥
蟨	蟨
蟪	蟪
蟬	蝉
蟭	蟭
蟮	蟮
蟯	蛲
蟲	虫
蟳	蟳
蟶	蛏
蟷	蟷
蟹	蟹
蟺	蟺
蟻	蚁
蟾	蟾
蟿	蟿
蠁	蠁
蠂	蠂
蠃	蠃
蠅	蝇
蠆	虿
蠊	蠊
蠋	蠋
蠍	蝎
蠏	蠏
蠐	蛴
蠑	蝾
蠓	蠓
蠔	蚝
蠕	蠕
蠖	蠖
蠗	蠗
蠙	蠙
蠚	蠚
蠛	蠛
蠜	蠜
蠟	蜡
蠡	蠡
蠢	蠢
蠣	蛎
蠧	蠧
蠨	蟏
蠩	蠩
蠭	蜂
蠮	蠮
蠰	蠰
蠱	蛊
蠲	蠲
蠵	蠵
蠶	蚕
蠸	蠸
蠹	蠹
蠻	蛮
蠼	蠼
蠽	蠽
血	血
衁	衁
衂	衄
衄	衄
衆	众
衇	衇
衈	衈
衉	衉
衊	蔑
衋	衋
行	行
衍	衍
衎	衎
衒	衒
術	术
衕	同
衖	衖
街	街
衙	衙
衚	胡
衛	卫
衝	冲
衞	衞
衡	衡
衢	衢
衣	衣
表	表
衩	衩
衫	衫
衭	衭
衰	衰
衲	衲
衵	衵
衷	衷
衹	衹
衺	衺
衽	衽
衾	衾
衿	衿
袁	袁
袂	袂
袈	袈
袋	袋
袍	袍
袒	袒
袖	袖
袗	袗
袚	袚
袞	衮
袟	袟
袢	袢
袤	袤
袪	袪
被	被
袮	袮
袱	袱
袲	袲
袴	袴
袷	袷
袺	袺
袼	袼
袽	袽
裀	裀
裁	裁
裂	裂
裉	裉
裊	袅
裋	裋
裌	夹
裍	裍
裎	裎
裏	里
裒	裒
裔	裔
裕	裕
裘	裘
裙	裙
裛	裛
補	补
裝	装
裟	裟
裡	里
裨	裨
裯	裯
裰	裰
裱	裱
裲	裲
裳	裳
裴	裴
裸	裸
裹	裹
裼	裼
製	制
裾	裾
褀	褀
褂	褂
複	复
褉	褉
褊	褊
褌	裈
褎	褎
褐	褐
褒	褒
褓	褓
褔	褔
褕	褕
褘	袆
褙	褙
褚	褚
褟	褟
褡	褡
褢	褢
褥	褥
褦	褦
褧	褧
褪	褪
褫	褫
褭	袅
褯	褯
褰	褰
褱	褱
褲	裤
褳	裢
褵	褵
褶	褶
褸	褛
褻	亵
褽	褽
褾	褾
襁	襁
襃	褒
襄	襄
襆	襆
襇	裥
襉	襉
襋	襋
襌	襌
襏	襏
襖	袄
襚	襚
襛	襛
襜	襜
襝	裣
襞	襞
襟	襟
襠	裆
襡	襡
襢	襢
襤	褴
襦	襦
襪	袜
襫	襫
襬	襬
襭	襭
襮	襮
襯	衬
襲	袭
襴	襕
襶	襶
襻	襻
襼	襼
襽	襽
襾	襾
西	西
要	要
覂	覂
覃	覃
覅	覅
覆	覆
覇	霸
覈	核
覉	覉
覊	覊
見	见
覌	覌
規	规
覓	觅
視	视
覗	覗
覘	觇
覚	覚
覜	覜
覡	觋
覥	觍
覦	觎
覧	覧
覩	覩
親	亲
覬	觊
覯	觏
覰	覰
覲	觐
観	観
覷	觑
覺	觉
覽	览
覿	觌
觀	观
角	角
觔	觔
觕	觕
觖	觖
觚	觚
觜	觜
觝	觝
觡	觡
解	解
觥	觥
觩	觩
觫	觫
觭	觭
觱	觱
觳	觳
觴	觞
觶	觯
觷	觷
觸	触
觼	觼
觽	觽
觾	觾
觿	觿
言	言
訂	订
訃	讣
訇	訇
計	计
訊	讯
訌	讧
討	讨
訏	訏
訐	讦
訑	訑
訒	訒
訓	训
訕	讪
訖	讫
託	托
託	讬
記	记
訛	讹
訝	讶
訟	讼
訢	䜣
訣	诀
訥	讷
訧	訧
訪	访
訬	訬
設	设
許	许
訳	訳
訴	诉
訶	诃
訹	訹
診	诊
註	注
証	证
訾	訾
詀	詀
詁	诂
詅	詅
詆	诋
詈	詈
詊	詊
詎	讵
詐	诈
詑	詑
詒	诒
詔	诏
評	评
詖	诐
詗	詗
詘	诎
詛	诅
詝	詝
詞	词
詠	咏
詡	诩
詢	询
詣	诣
試	试
詧	察
詨	詨
詩	诗
詫	诧
詬	诟
詭	诡
詮	诠
詰	诘
話	话
該	该
詳	详
詵	诜
詶	詶
詸	詸
詹	詹
詻	詻
詼	诙
詿	诖
誂	誂
誃	誃
誄	诔
誅	诛
誆	诓
誇	夸
誋	誋
誌	志
認	认
誑	诳
誒	诶
誓	誓
誕	诞
誖	悖
誘	诱
誙	誙
誚	诮
語	语
誠	诚
誡	诫
誣	诬
誤	误
誥	诰
誦	诵
誧	誧
誨	诲
說	说
説	説
読	読
誯	誯
誰	谁
課	课
誶	谇
誹	诽
誼	谊
誾	訚
調	调
諂	谄
諄	谆
諆	諆
談	谈
諉	诿
請	请
諌	諌
諍	诤
諏	诹
諑	诼
諒	谅
諕	諕
論	论
諗	谂
諛	谀
諜	谍
諝	諝
諞	谝
諟	諟
諠	喧
諡	谥
諢	诨
諤	谔
諦	谛
諧	谐
諫	谏
諭	谕
諮	谘
諱	讳
諳	谙
諴	諴
諵	諵
諶	谌
諷	讽
諸	诸
諺	谚
諼	谖
諾	诺
謀	谋
謁	谒
謂	谓
謄	誊
謅	诌
謆	謆
謇	謇
謊	谎
謌	歌
謍	謍
謎	谜
謏	謏
謐	谧
謑	謑
謔	谑
謖	谡
謗	谤
謙	谦
謚	谥
講	讲
謝	谢
謠	谣
謡	謡
謦	謦
謨	谟
謪	謪
謫	谪
謬	谬
謳	讴
謷	謷
謹	谨
謼	謼
謾	谩
譁	哗
譅	譅
譆	譆
譈	譈
證	证
譊	譊
譌	讹
譎	谲
譏	讥
譒	譒
譔	撰
譖	谮
識	识
譙	谯
譚	谭
譜	谱
譞	譞
譟	噪
警	警
譩	譩
譫	谵
譬	譬
譭	毁
譯	译
議	议
譱	譱
譲	譲
譴	谴
護	护
譸	譸
譹	譹
譽	誉
譾	谫
讀	读
讅	讅
讆	讆
變	变
讋	詟
讌	䜩
讌	宴
讎	雠
讐	讐
讒	谗
讓	让
讕	谰
讖	谶
讙	讙
讚	赞
讜	谠
讞	谳
讟	讟
谷	谷
谽	谽
谿	溪
豁	豁
豆	豆
豇	豇
豈	岂
豉	豉
豊	豊
豋	豋
豌	豌
豎	竖
豏	豏
豐	丰
豔	艳
豔	豔
豕	豕
豖	豖
豗	豗
豚	豚
豜	豜
豝	豝
豞	豞
象	象
豢	豢
豣	豣
豦	豦
豨	豨
豪	豪
豫	豫
豬	猪
豭	豭
豱	豱
豳	豳
豵	豵
豶	豶
豷	豷
豸	豸
豹	豹
豺	豺
豻	豻
貂	貂
貅	貅
貆	貆
貉	貉
貊	貊
貌	貌
貍	狸
貎	猊
貓	猫
貔	貔
貘	貘
貙	䝙
貜	貜
貝	贝
貞	贞
負	负
財	财
貢	贡
貤	貤
貧	贫
貨	货
販	贩
貪	贪
貫	贯
責	责
貯	贮
貰	贳
貲	赀
貳	贰
貴	贵
貶	贬
買	买
貸	贷
貺	贶
費	费
貼	贴
貽	贻
貿	贸
賀	贺
賁	贲
賂	赂
賃	赁
賄	贿
賅	赅
資	资
賈	贾
賊	贼
賏	賏
賑	赈
賒	赊
賓	宾
賕	赇
賙	赒
賚	赉
賛	賛
賜	赐
賝	賝
賞	赏
賠	赔
賡	赓
賢	贤
賣	卖
賤	贱
賦	赋
賧	赕
賨	賨
質	质
賫	赍
賬	账
賭	赌
賮	賮
賴	赖
賵	賵
賸	賸
賺	赚
賻	赙
購	购
賽	赛
賾	赜
贄	贽
贅	赘
贇	赟
贈	赠
贉	贉
贊	赞
贍	赡
贏	赢
贐	赆
贓	赃
贔	赑
贕	贕
贖	赎
贗	赝
贛	赣
赤	赤
赦	赦
赧	赧
赫	赫
赬	赬
赭	赭
走	走
赱	赱
赳	赳
赴	赴
起	起
赸	赸
趁	趁
趂	趂
趄	趄
超	超
越	越
趐	趐
趑	趑
趒	趒
趔	趔
趕	赶
趙	赵
趟	趟
趡	趡
趣	趣
趦	趦
趨	趋
趫	趫
趮	趮
趯	趯
趲	趱
足	足
趴	趴
趵	趵
趷	趷
趹	趹
趺	趺
趼	趼
趾	趾
趿	趿
跁	跁
跂	跂
跅	跅
跆	跆
跋	跋
跌	跌
跎	跎
跏	跏
跐	跐
跑	跑
跕	跕
跖	跖
跗	跗
跙	跙
跚	跚
跛	跛
距	距
跟	跟
跡	迹
跣	跣
跤	跤
跦	跦
跧	跧
跨	跨
跩	跩
跪	跪
跫	跫
跬	跬
跮	跮
路	路
跱	跱
跲	跲
跳	跳
跴	跴
跺	跺
跼	跼
跽	跽
踅	踅
踆	踆
踈	踈
踉	踉
踊	踊
踏	踏
踐	践
踒	踒
踔	踔
踖	踖
踘	踘
踜	踜
踝	踝
踞	踞
踟	踟
踠	踠
踡	踡
踢	踢
踣	踣
踤	踤
踥	踥
踦	踦
踧	踧
踩	踩
踫	踫
踮	踮
踰	逾
踱	踱
踴	踊
踵	踵
踶	踶
踹	踹
踺	踺
踼	踼
踽	踽
蹀	蹀
蹁	蹁
蹂	蹂
蹄	蹄
蹇	蹇
蹈	蹈
蹉	蹉
蹊	蹊
蹋	蹋
蹌	跄
蹎	蹎
蹐	蹐
蹓	蹓
蹔	蹔
蹕	跸
蹙	蹙
蹚	蹚
蹜	蹜
蹝	蹝
蹟	迹
蹠	蹠
蹡	蹡
蹢	蹢
蹣	蹒
蹤	踪
蹦	蹦
蹧	蹧
蹩	蹩
蹪	蹪
蹬	蹬
蹭	蹭
蹯	蹯
蹲	蹲
蹴	蹴
蹶	蹶
蹺	跷
蹻	蹻
蹼	蹼
蹽	蹽
躁	躁
躂	跶
躃	躃
躄	躄
躅	躅
躇	躇
躉	趸
躊	踌
躋	跻
躍	跃
躐	躐
躑	踯
躒	跞
躓	踬
躔	躔
躕	蹰
躘	躘
躙	躙
躚	跹
躛	躗
躝	躝
躞	躞
躠	躠
躡	蹑
躥	蹿
躦	躜
躧	躧
躩	躩
躪	躏
身	身
躬	躬
躭	躭
躰	躰
躲	躲
躳	躬
躶	躶
躺	躺
軀	躯
軃	軃
軆	軆
車	车
軋	轧
軌	轨
軍	军
軏	軏
軒	轩
軔	轫
軘	軘
軛	轭
軜	軜
軝	軝
軟	软
転	転
軥	軥
軨	軨
軫	轸
軭	軭
軱	軱
軲	轱
軷	軷
軸	轴
軹	轵
軺	轺
軻	轲
軼	轶
軽	軽
軾	轼
軿	軿
輀	輀
輂	輂
較	较
輅	辂
輇	辁
輈	輈
載	载
輊	轾
輒	辄
輓	挽
輔	辅
輕	轻
輗	輗
輙	辄
輛	辆
輜	辎
輝	辉
輞	辋
輟	辍
輠	輠
輤	輤
輥	辊
輦	辇
輩	辈
輪	轮
輬	輬
輭	輭
輮	輮
輯	辑
輳	辏
輴	輴
輵	輵
輶	輶
輸	输
輹	輹
輻	辐
輼	輼
輾	辗
輿	舆
轀	辒
轂	毂
轄	辖
轅	辕
轆	辘
轇	轇
轉	转
轍	辙
轎	轿
轏	轏
轑	轑
轒	轒
轔	辚
轕	轕
轖	轖
轗	轗
轘	轘
轙	轙
轝	轝
轞	轞
轟	轰
轡	辔
轢	轹
轤	轳
辛	辛
辜	辜
辟	辟
辠	罪
辢	辣
辣	辣
辤	辞
辦	办
辨	辨
辭	辞
辮	辫
辯	辩
辰	辰
辱	辱
農	农
辵	辵
辶	辶
辺	辺
込	込
辿	辿
迂	迂
迄	迄
迅	迅
迋	迋
迍	迍
迎	迎
近	近
迓	迓
返	返
迕	迕
迢	迢
迣	迣
迤	迤
迥	迥
迦	迦
迨	迨
迪	迪
迫	迫
迭	迭
迮	迮
述	述
迴	回
迷	迷
迸	迸
迹	迹
迺	迺
迻	迻
追	追
迿	迿
退	退
送	送
适	适
逃	逃
逄	逄
逅	逅
逆	逆
逋	逋
逌	逌
逍	逍
透	透
逐	逐
逑	逑
逓	逓
途	途
逕	迳
逖	逖
逗	逗
這	这
通	通
逛	逛
逝	逝
逞	逞
速	速
造	造
逡	逡
逢	逢
連	连
逭	逭
逮	逮
逯	逯
週	周
進	进
逴	逴
逵	逵
逶	逶
逸	逸
逹	逹
逼	逼
逾	逾
遁	遁
遂	遂
遄	遄
遅	遅
遇	遇
遉	侦
遊	游
運	运
遍	遍
過	过
遏	遏
遐	遐
遑	遑
遒	遒
道	道
達	达
違	违
遘	遘
遙	遥
遛	遛
遜	逊
遝	遝
遞	递
遠	远
遢	遢
遣	遣
遨	遨
適	适
遫	遫
遭	遭
遮	遮
遯	遯
遰	遰
遲	迟
遴	遴
遵	遵
遶	绕
遷	迁
選	选
遹	遹
遺	遗
遻	遻
遼	辽
遽	遽
避	避
邀	邀
邁	迈
邂	邂
邃	邃
還	还
邅	邅
邇	迩
邈	邈
邉	邉
邊	边
邋	邋
邎	邎
邏	逻
邐	逦
邑	邑
邕	邕
邗	邗
邘	邘
邙	邙
邛	邛
邠	邠
邡	邡
邢	邢
那	那
邦	邦
邧	邧
邨	邨
邪	邪
邯	邯
邰	邰
邱	邱
邲	邲
邳	邳
邴	邴
邵	邵
邶	邶
邷	邷
邸	邸
邽	邽
邾	邾
邿	邿
郁	郁
郃	郃
郄	郄
郅	郅
郇	郇
郈	郈
郊	郊
郎	郎
郔	郔
郕	郕
郗	郗
郙	郙
郚	郚
郛	郛
郜	郜
郝	郝
郞	郞
郟	郏
郠	郠
郡	郡
郢	郢
郤	郤
部	部
郪	郪
郫	郫
郭	郭
郯	郯
郰	郰
郲	郲
郳	郳
郴	郴
郵	邮
郷	郷
郹	郹
都	都
郾	郾
郿	郿
鄀	鄀
鄂	鄂
鄄	鄄
鄆	郓
鄇	鄇
鄈	鄈
鄉	乡
鄋	鄋
鄍	鄍
鄎	鄎
鄏	鄏
鄐	鄐
鄑	鄑
鄒	邹
鄔	邬
鄕	鄕
鄖	郧
鄗	鄗
鄘	鄘
鄙	鄙
鄚	鄚
鄜	鄜
鄞	鄞
鄠	鄠
鄢	鄢
鄣	鄣
鄤	鄤
鄦	鄦
鄧	邓
鄩	鄩
鄫	鄫
鄬	鄬
鄭	郑
鄮	鄮
鄯	鄯
鄰	邻
鄱	鄱
鄲	郸
鄴	邺
鄶	郐
鄷	鄷
鄹	鄹
鄺	邝
鄻	鄻
鄾	鄾
鄿	鄿
酃	酃
酅	酅
酆	酆
酇	酇
酈	郦
酉	酉
酊	酊
酋	酋
酌	酌
配	配
酎	酎
酏	酏
酐	酐
酒	酒
酔	酔
酕	酕
酖	酖
酗	酗
酚	酚
酞	酞
酡	酡
酢	酢
酣	酣
酤	酤
酥	酥
酩	酩
酪	酪
酬	酬
酮	酮
酯	酯
酰	酰
酲	酲
酴	酴
酵	酵
酶	酶
酷	酷
酸	酸
酹	酹
酺	酺
醁	醁
醃	腌
醄	醄
醅	醅
醆	醆
醇	醇
醉	醉
醊	醊
醋	醋
醌	醌
醍	醍
醐	醐
醑	醑
醒	醒
醓	醓
醖	醖
醚	醚
醛	醛
醜	丑
醝	醝
醞	酝
醡	醡
醢	醢
醣	醣
醤	醤
醨	醨
醪	醪
醫	医
醬	酱
醭	醭
醮	醮
醯	醯
醰	醰
醱	酦
醲	醲
醴	醴
醵	醵
醸	醸
醹	醹
醺	醺
醼	醼
醽	醽
醾	醾
釀	酿
釁	衅
釂	釂
釃	酾
釅	酽
釆	釆
采	采
釈	釈
釉	釉
釋	释
里	里
重	重
野	野
量	量
釐	厘
金	金
釓	钆
釔	钇
釕	钌
釗	钊
釘	钉
釙	钋
釜	釜
針	针
釣	钓
釤	钐
釦	扣
釧	钏
釩	钒
釪	釪
釬	釬
釭	釭
釱	釱
釳	釳
釵	钗
釷	钍
釸	釸
釹	钕
釺	钎
鈀	钯
鈁	钫
鈃	鈃
鈄	钭
鈆	鈆
鈇	鈇
鈈	钚
鈉	钠
鈊	鈊
鈌	鈌
鈍	钝
鈎	钩
鈐	钤
鈑	钣
鈒	鈒
鈔	钞
鈕	钮
鈞	钧
鈣	钙
鈤	鈤
鈥	钬
鈦	钛
鈧	钪
鈬	鈬
鈮	铌
鈰	铈
鈳	钶
鈴	铃
鈷	钴
鈸	钹
鈹	铍
鈺	钰
鈽	钸
鈾	铀
鈿	钿
鉀	钾
鉄	鉄
鉅	钜
鉆	鉆
鉈	铊
鉉	铉
鉋	铇
鉌	鉌
鉍	铋
鉏	鉏
鉑	铂
鉕	钷
鉗	钳
鉚	铆
鉛	铅
鉞	钺
鉢	钵
鉤	钩
鉥	鉥
鉦	钲
鉨	鉨
鉬	钼
鉭	钽
鉱	鉱
鉲	鉲
鉶	鉶
鉸	铰
鉺	铒
鉻	铬
鉼	鉼
鉾	鉾
鉿	铪
銀	银
銃	铳
銅	铜
銍	銍
銎	銎
銑	铣
銓	铨
銕	銕
銖	铢
銘	铭
銚	铫
銛	铦
銜	衔
銠	铑
銣	铷
銤	銤
銥	铱
銦	铟
銧	銧
銨	铵
銩	铥
銪	铕
銫	铯
銬	铐
銭	銭
銰	銰
銲	焊
銳	锐
銶	銶
銷	销
銹	锈
銻	锑
銼	锉
銾	汞
鋁	铝
鋂	鋂
鋃	锒
鋅	锌
鋆	鋆
鋇	钡
鋈	鋈
鋊	鋊
鋌	铤
鋍	鋍
鋏	铗
鋐	鋐
鋑	鋑
鋒	锋
鋕	鋕
鋘	鋘
鋙	鋙
鋝	锊
鋟	锓
鋤	锄
鋥	锃
鋦	锔
鋨	锇
鋩	铓
鋪	铺
鋭	鋭
鋮	铖
鋯	锆
鋰	锂
鋱	铽
鋳	鋳
鋸	锯
鋹	鋹
鋺	鋺
鋻	鉴
鋼	钢
錀	錀
錁	锞
錄	录
錆	锖
錇	锫
錈	锩
錍	錍
錏	铔
錐	锥
錒	锕
錔	錔
錕	锟
錘	锤
錙	锱
錚	铮
錛	锛
錞	錞
錟	锬
錠	锭
錡	锜
錢	钱
錤	錤
錦	锦
錨	锚
錩	錩
錫	锡
錬	錬
錮	锢
錯	错
録	録
錳	锰
錶	表
錸	铼
錼	錼
鍀	锝
鍁	锨
鍆	钔
鍇	锴
鍉	鍉
鍊	炼
鍋	锅
鍍	镀
鍏	鍏
鍐	鍐
鍔	锷
鍘	铡
鍚	鍚
鍛	锻
鍠	锽
鍤	锸
鍥	锲
鍩	锘
鍪	鍪
鍫	鍫
鍬	锹
鍭	鍭
鍰	锾
鍱	鍱
鍴	鍴
鍵	键
鍶	锶
鍹	鍹
鍺	锗
鍼	针
鍾	钟
鍾	锺
鎂	镁
鎄	锿
鎇	镅
鎉	鎉
鎊	镑
鎋	鎋
鎌	鎌
鎍	鎍
鎏	鎏
鎒	鎒
鎓	鎓
鎔	镕
鎖	锁
鎗	鎗
鎘	镉
鎚	鎚
鎛	镈
鎞	鎞
鎡	镃
鎢	钨
鎣	蓥
鎤	鎤
鎦	镏
鎧	铠
鎩	铩
鎪	锼
鎬	镐
鎭	鎭
鎮	镇
鎯	鎯
鎰	镒
鎳	镍
鎴	鎴
鎵	镓
鎸	鎸
鎹	鎹
鎿	镎
鏃	镞
鏇	镟
鏈	链
鏊	鏊
鏌	镆
鏐	镠
鏑	镝
鏖	鏖
鏗	铿
鏘	锵
鏚	鏚
鏜	镗
鏝	镘
鏞	镛
鏟	铲
鏠	鏠
鏡	镜
鏢	镖
鏤	镂
鏦	鏦
鏨	錾
鏰	镚
鏵	铧
鏷	镤
鏸	鏸
鏹	镪
鏻	鏻
鏽	鏽
鏽	锈
鏾	鏾
鐃	铙
鐄	鐄
鐇	鐇
鐏	鐏
鐐	镣
鐒	铹
鐓	镦
鐔	镡
鐗	鐗
鐘	钟
鐙	镫
鐝	镢
鐠	镨
鐡	鐡
鐦	锎
鐧	锏
鐨	镄
鐩	鐩
鐫	镌
鐬	鐬
鐮	镰
鐱	鐱
鐱	钎
鐲	镯
鐳	镭
鐵	铁
鐶	鐶
鐸	铎
鐺	铛
鐻	鐻
鐽	鐽
鐿	镱
鑀	鑀
鑄	铸
鑅	鑅
鑊	镬
鑌	镔
鑐	鑐
鑑	鉴
鑒	鉴
鑔	镲
鑕	鑕
鑚	鑚
鑛	鑛
鑞	镴
鑠	铄
鑢	鑢
鑣	镳
鑤	鑤
鑥	镥
鑪	鑪
鑫	鑫
鑭	镧
鑯	鑯
鑰	钥
鑱	鑱
鑲	镶
鑴	鑴
鑵	鑵
鑷	镊
鑼	锣
鑽	钻
鑾	銮
鑿	凿
钁	镢
钃	钃
長	长
镻	镻
門	门
閂	闩
閃	闪
閆	闫
閈	闬
閉	闭
開	开
閌	闶
閎	闳
閏	闰
閑	闲
閒	閒
閒	闲
間	间
閔	闵
閗	閗
閘	闸
閟	閟
閡	阂
関	関
閣	阁
閤	合
閤	閤
閥	阀
閦	閦
閧	哄
閨	闺
閩	闽
閫	阃
閬	阆
閭	闾
閱	阅
閲	閲
閶	阊
閹	阉
閺	閺
閻	阎
閼	阏
閽	阍
閾	阈
閿	阌
闃	阒
闆	板
闇	暗
闈	闱
闉	闉
闊	阔
闋	阕
闌	阑
闍	阇
闐	阗
闑	闑
闒	闒
闓	闿
闔	阖
闕	阙
闖	闯
闘	闘
闚	闚
關	关
闞	阚
闟	闟
闠	闠
闡	阐
闢	辟
闤	闤
闥	闼
阜	阜
阞	阞
阡	阡
阢	阢
阤	阤
阨	阨
阪	阪
阬	阬
阮	阮
阯	阯
阱	阱
防	防
阹	阹
阻	阻
阼	阼
阽	阽
阿	阿
陀	陀
陁	陁
陂	陂
附	附
陋	陋
陌	陌
降	降
限	限
陑	陑
陔	陔
陘	陉
陛	陛
陜	陜
陝	陕
陞	升
陟	陟
陡	陡
院	院
陣	阵
除	除
陥	陥
陪	陪
陬	陬
陰	阴
陲	陲
陳	陈
陴	陴
陵	陵
陶	陶
陷	陷
陸	陆
険	険
陼	陼
陽	阳
陾	陾
隂	阴
隃	隃
隄	堤
隅	隅
隆	隆
隈	隈
隉	陧
隊	队
隋	隋
隍	隍
階	阶
隒	隒
隔	隔
隕	陨
隗	隗
隘	隘
隙	隙
際	际
障	障
隞	隞
隠	隠
隣	隣
隤	隤
隧	隧
隨	随
隩	隩
險	险
隮	隮
隰	隰
隱	隐
隳	隳
隴	陇
隷	隷
隸	隶
隹	隹
隻	只
隼	隼
雀	雀
雁	雁
雂	雂
雄	雄
雅	雅
集	集
雇	雇
雈	雈
雉	雉
雊	雊
雋	隽
雌	雌
雍	雍
雎	雎
雑	雑
雒	雒
雕	雕
雖	虽
雗	雗
雘	雘
雙	双
雚	雚
雛	雏
雜	杂
雝	雝
雞	鸡
雟	雟
離	离
難	难
雨	雨
雩	雩
雪	雪
雯	雯
雰	雰
雱	雱
雲	云
零	零
雷	雷
雹	雹
電	电
需	需
霂	霂
霄	霄
霅	霅
霆	霆
震	震
霈	霈
霉	霉
霊	霊
霍	霍
霎	霎
霏	霏
霑	沾
霒	霒
霓	霓
霖	霖
霙	霙
霜	霜
霝	霝
霞	霞
霢	霢
霣	霣
霤	霤
霧	雾
霨	霨
霩	霩
霪	霪
霫	霫
霮	霮
霰	霰
露	露
霸	霸
霹	霹
霽	霁
霾	霾
靁	靁
靂	雳
靄	霭
靆	叇
靈	灵
靉	叆
靑	靑
青	青
靖	靖
靚	靓
靛	靛
靜	静
非	非
靠	靠
靡	靡
面	面
靣	靣
靦	腼
靨	靥
革	革
靪	靪
靬	靬
靮	靮
靰	靰
靳	靳
靴	靴
靶	靶
靷	靷
靸	靸
靺	靺
靼	靼
靿	靿
鞀	鞀
鞃	鞃
鞄	鞄
鞅	鞅
鞋	鞋
鞌	鞍
鞍	鞍
鞏	巩
鞗	鞗
鞘	鞘
鞙	鞙
鞚	鞚
鞝	鞝
鞞	鞞
鞠	鞠
鞡	鞡
鞣	鞣
鞦	秋
鞨	鞨
鞫	鞫
鞬	鞬
鞭	鞭
鞮	鞮
鞶	鞶
鞹	鞹
鞾	鞾
韁	缰
韃	鞑
韅	韅
韆	千
韉	鞯
韋	韦
韌	韧
韍	韍
韎	韎
韓	韩
韔	韔
韖	韖
韘	韘
韙	韪
韜	韬
韝	韝
韞	韫
韡	韡
韣	韣
韭	韭
韮	韭
韱	韱
音	音
韶	韶
韹	韹
韺	韺
韻	韵
響	响
頀	頀
頁	页
頂	顶
頃	顷
頄	頄
項	项
順	顺
頇	顸
須	须
頊	顼
頌	颂
頍	頍
頎	颀
頏	颃
預	预
頑	顽
頒	颁
頓	顿
頖	頖
頗	颇
領	领
頜	颌
頞	頞
頠	頠
頡	颉
頤	颐
頦	颏
頫	頫
頬	頬
頭	头
頯	頯
頰	颊
頲	頲
頴	颕
頷	颔
頸	颈
頹	颓
頻	频
頼	頼
顆	颗
顇	悴
顋	顋
題	题
額	额
顎	颚
顏	颜
顑	顑
顒	颙
顓	颛
顔	颜
顕	顕
顗	顗
願	愿
顙	颡
顚	顚
顛	颠
顜	顜
類	类
顢	颟
顣	顣
顥	颢
顧	顾
顫	颤
顬	颥
顯	显
顰	颦
顱	颅
顳	颞
顴	颧
風	风
颭	飐
颮	飑
颯	飒
颱	台
颳	刮
颶	飓
颸	颸
颺	飏
颻	飖
颼	飕
颽	颽
颾	颾
颿	颿
飀	飀
飂	飂
飄	飘
飆	飙
飈	飚
飌	飌
飛	飞
飜	翻
食	食
飡	飡
飢	饥
飣	飣
飤	饲
飥	飥
飧	飧
飩	饨
飪	饪
飫	饫
飭	饬
飮	飮
飯	饭
飱	飧
飲	饮
飴	饴
飶	飶
飼	饲
飽	饱
飾	饰
餀	餀
餂	餂
餃	饺
餄	饸
餅	饼
餇	餇
餈	餈
餉	饷
養	养
餌	饵
餎	饹
餐	餐
餑	饽
餒	馁
餓	饿
餔	哺
餕	馂
餖	餖
餗	餗
餘	余
餘	馀
餚	肴
餚	餚
餛	馄
餜	馃
餞	饯
餟	餟
餠	餠
餡	馅
餤	餤
餧	餧
館	馆
餩	餩
餪	餪
餫	餫
餬	糊
餮	餮
餱	糇
餲	餲
餳	饧
餵	喂
餸	餸
餺	馎
餻	糕
餼	饩
餽	馈
餾	馏
餿	馊
饁	馌
饃	馍
饅	馒
饇	饇
饈	馐
饉	馑
饊	馓
饋	馈
饌	馔
饍	膳
饎	饎
饐	饐
饑	饥
饒	饶
饔	饔
饕	饕
饗	飨
饘	饘
饜	餍
饞	馋
饟	饟
饢	馕
首	首
馗	馗
馘	馘
香	香
馝	馝
馡	馡
馣	馣
馥	馥
馨	馨
馬	马
馭	驭
馮	冯
馱	驮
馳	驰
馴	驯
馵	馵
馹	馹
駁	驳
駃	駃
駄	駄
駅	駅
駆	駆
駉	駉
駋	駋
駐	驻
駑	驽
駒	驹
駓	駓
駔	驵
駕	驾
駗	駗
駘	骀
駙	驸
駛	驶
駜	駜
駝	驼
駟	驷
駡	骂
駢	骈
駪	駪
駬	駬
駭	骇
駮	驳
駰	骃
駱	骆
駴	駴
駸	骎
駹	駹
駽	駽
駾	駾
駿	骏
騁	骋
騂	騂
騃	騃
騄	騄
騅	骓
騆	騆
騉	騉
騋	騋
騍	骒
騎	骑
騏	骐
騑	騑
騒	騒
験	験
騕	騕
騖	骛
騙	骗
騠	騠
騢	騢
騣	騣
騤	騤
騧	騧
騫	骞
騭	骘
騮	骝
騰	腾
騵	騵
騶	驺
騷	骚
騸	骟
騺	騺
騾	骡
驀	蓦
驁	骜
驂	骖
驃	骠
驄	骢
驅	驱
驆	驆
驈	驈
驊	骅
驌	驌
驍	骁
驎	驎
驎	麟
驏	骣
驒	驒
驔	驔
驕	骄
驖	驖
驗	验
驙	驙
驚	惊
驛	驿
驟	骤
驢	驴
驤	骧
驥	骥
驦	驦
驩	驩
驪	骊
驫	驫
骨	骨
骫	骫
骭	骭
骯	肮
骰	骰
骱	骱
骴	骴
骶	骶
骷	骷
骸	骸
骺	骺
骼	骼
骾	骾
髀	髀
髁	髁
髂	髂
髄	髄
髆	髆
髈	膀
髏	髅
髐	髇
髑	髑
髒	脏
髓	髓
體	体
髕	髌
髖	髋
高	高
髙	髙
髝	髝
髞	髞
髟	髟
髡	髡
髣	髣
髦	髦
髧	髧
髪	髪
髫	髫
髭	髭
髮	发
髯	髯
髲	髲
髳	髳
髹	髹
髺	髺
髻	髻
髽	髽
髾	髾
鬁	鬁
鬃	鬃
鬅	鬅
鬆	松
鬈	鬈
鬋	鬋
鬍	胡
鬎	鬎
鬏	鬏
鬐	鬐
鬑	鬑
鬒	鬒
鬖	鬖
鬗	鬗
鬘	鬘
鬙	鬙
鬚	须
鬟	鬟
鬠	鬠
鬢	鬓
鬣	鬣
鬥	斗
鬧	闹
鬨	哄
鬩	阋
鬪	斗
鬫	鬫
鬬	鬬
鬭	斗
鬮	阄
鬯	鬯
鬰	鬰
鬱	郁
鬲	鬲
鬵	鬵
鬷	鬷
鬻	鬻
鬼	鬼
魁	魁
魂	魂
魃	魃
魄	魄
魅	魅
魆	魆
魈	魈
魊	魊
魋	魋
魍	魍
魎	魉
魏	魏
魑	魑
魔	魔
魖	魖
魘	魇
魚	鱼
魛	魛
魟	魟
魠	魠
魣	魣
魦	魦
魨	魨
魬	魬
魯	鲁
魴	鲂
魵	魵
魷	鱿
魸	魸
鮀	鮀
鮁	鲅
鮃	鲆
鮆	鮆
鮌	鲧
鮍	鲏
鮎	鲇
鮐	鲐
鮑	鲍
鮒	鲋
鮓	鮓
鮚	鲒
鮞	鲕
鮟	鮟
鮠	鮠
鮦	鮦
鮨	鮨
鮪	鲔
鮫	鲛
鮭	鲑
鮮	鲜
鮶	鮶
鮸	鮸
鮿	鮿
鯀	鲧
鯁	鲠
鯄	鯄
鯆	鯆
鯇	鲩
鯈	鯈
鯉	鲤
鯊	鲨
鯔	鲻
鯕	鯕
鯖	鲭
鯗	鲞
鯙	鯙
鯛	鲷
鯠	鯠
鯡	鲱
鯢	鲵
鯤	鲲
鯥	鯥
鯧	鲳
鯨	鲸
鯪	鲮
鯫	鲰
鯰	鲶
鯷	鳀
鯸	鯸
鯽	鲫
鯿	鳊
鰂	鲗
鰆	䲠
鰈	鲽
鰉	鳇
鰋	鰋
鰍	鳅
鰐	鳄
鰒	鳆
鰓	鳃
鰕	鰕
鰛	鰛
鰜	鰜
鰟	鳑
鰣	鲥
鰤	鰤
鰥	鳏
鰦	鰦
鰨	鳎
鰩	鳐
鰭	鳍
鰮	鳁
鰱	鲢
鰲	鳌
鰳	鳓
鰶	鰶
鰷	鲦
鰹	鲣
鰻	鳗
鰼	鰼
鰽	鰽
鰾	鳔
鱀	暨
鱀	鱀
鱄	鱄
鱅	鳙
鱆	鱆
鱇	鱇
鱈	鳕
鱉	鳖
鱎	鱎
鱐	鱐
鱒	鳟
鱓	鳝
鱔	鳝
鱖	鳜
鱗	鳞
鱘	鲟
鱝	鲼
鱟	鲎
鱠	鱠
鱣	鳣
鱧	鳢
鱨	鱨
鱭	鲚
鱮	鱮
鱲	鱲
鱵	鱵
鱷	鳄
鱸	鲈
鱺	鲡
鱻	鱻
鲅	鲅
鳥	鸟
鳦	鳦
鳧	凫
鳩	鸠
鳯	鳯
鳲	鳲
鳳	凤
鳴	鸣
鳶	鸢
鳷	鳷
鳻	鳻
鴂	鴂
鴃	鴃
鴄	鴄
鴆	鸩
鴇	鸨
鴈	鴈
鴉	鸦
鴎	鴎
鴒	鸰
鴔	鴔
鴕	鸵
鴗	鴗
鴛	鸳
鴝	鸲
鴞	鸮
鴟	鸱
鴠	鴠
鴢	鴢
鴣	鸪
鴥	鴥
鴦	鸯
鴨	鸭
鴯	鸸
鴰	鸹
鴳	鴳
鴴	鸻
鴷	鴷
鴻	鸿
鴽	鴽
鴿	鸽
鵀	鵀
鵁	鵁
鵂	鸺
鵑	鹃
鵒	鹆
鵓	鹁
鵖	鵖
鵙	鵙
鵜	鹈
鵝	鹅
鵞	鹅
鵟	鵟
鵠	鹄
鵡	鹉
鵩	鵩
鵪	鹌
鵫	鵫
鵬	鹏
鵯	鹎
鵰	雕
鵲	鹊
鵵	鵵
鵷	鵷
鵻	鵻
鵾	鹍
鶂	鶂
鶇	鸫
鶉	鹑
鶊	鶊
鶏	鶏
鶒	鶒
鶓	鹋
鶖	鹙
鶗	鶗
鶘	鹕
鶚	鹗
鶡	鶡
鶤	鶤
鶦	鶦
鶩	鹜
鶬	鶬
鶯	莺
鶱	鶱
鶲	鹟
鶴	鹤
鶵	鶵
鶸	鶸
鶹	鶹
鶺	鹡
鶻	鹘
鶼	鹣
鶿	鶿
鷀	鹚
鷁	鷁
鷂	鹞
鷃	鷃
鷄	鷄
鷇	鷇
鷈	䴘
鷉	䴘
鷊	鷊
鷏	鷏
鷓	鹧
鷕	鷕
鷖	鹥
鷗	鸥
鷙	鸷
鷞	鷞
鷟	鷟
鷥	鸶
鷦	鹪
鷩	鷩
鷫	鷫
鷭	鷭
鷯	鹩
鷲	鹫
鷳	鹇
鷴	鹇
鷸	鹬
鷹	鹰
鷺	鹭
鷽	鸴
鷾	鷾
鷿	䴙
鸂	鸂
鸇	鸇
鸊	䴙
鸏	鸏
鸑	鸑
鸒	鸒
鸓	鸓
鸕	鸬
鸚	鹦
鸛	鹳
鸜	鸜
鸝	鹂
鸞	鸾
鹮	鹮
鹵	卤
鹸	鹸
鹹	咸
鹺	鹾
鹼	碱
鹽	盐
鹿	鹿
麀	麀
麂	麂
麃	麃
麄	麄
麇	麇
麈	麈
麋	麋
麌	麌
麐	麐
麑	麑
麒	麒
麓	麓
麗	丽
麚	麚
麛	麛
麝	麝
麟	麟
麤	麤
麥	麦
麩	麸
麪	面
麫	麫
麮	麮
麯	麯
麰	麰
麴	麴
麵	面
麺	麺
麻	麻
麼	么
麼	麽
麽	么
麾	麾
麿	麿
黁	黁
黃	黄
黈	黈
黌	黉
黍	黍
黎	黎
黏	黏
黐	黐
黑	黑
黒	黒
黓	黓
黔	黔
黕	黕
默	默
黙	黙
黛	黛
黜	黜
黝	黝
點	点
黟	黟
黠	黠
黢	黢
黥	黥
黦	黦
黧	黧
黨	党
黮	黮
黯	黯
黰	黰
黱	黱
黲	黪
黴	霉
黶	黶
黷	黩
黹	黹
黻	黻
黼	黼
黽	黾
黿	鼋
鼂	鼂
鼃	鼃
鼄	鼄
鼅	鼅
鼇	鼇
鼈	鼈
鼉	鼍
鼎	鼎
鼏	鼏
鼐	鼐
鼒	鼒
鼓	鼓
鼕	冬
鼖	鼖
鼙	鼙
鼚	鼚
鼛	鼛
鼠	鼠
鼡	鼡
鼢	鼢
鼩	鼩
鼪	鼪
鼫	鼫
鼬	鼬
鼯	鼯
鼱	鼱
鼴	鼹
鼷	鼷
鼻	鼻
鼽	鼽
鼾	鼾
齁	齁
齆	齆
齇	齇
齈	齈
齉	齉
齊	齐
齋	斋
齌	齌
齎	赍
齏	齑
齒	齿
齔	龀
齕	齕
齗	齗
齙	龅
齚	齚
齜	龇
齞	齞
齟	龃
齠	龆
齡	龄
齢	齢
齣	出
齦	龈
齧	啮
齧	齧
齩	齩
齪	龊
齬	龉
齮	齮
齯	齯
齰	齰
齱	齱
齲	龋
齵	齵
齶	腭
齷	龌
齾	齾
龍	龙
龎	厐
龐	庞
龑	龑
龒	龒
龔	龚
龕	龛
龖	龖
龘	龘
龜	龟
龝	龝
龠	龠
龡	龡
龢	龢
龤	龤
１	１
５	５
